User ID,Vehicle Model,Battery Capacity (kWh),Charging Station ID,Charging Station Location,Energy Consumed (kWh),Charging Duration (hours),Charging Rate (kW),Charging Cost (USD),Time of Day,Day of Week,State of Charge (Start %),State of Charge (End %),Distance Driven (since last charge) (km),Temperature (Â°C),Vehicle Age (years),Charger Type,User Type
User_1,BMW i3,108.4630074,Station_391,Houston,60.71234573,0.591363425,36.38918057,13.08771679,Evening,Tuesday,29.37157598,86.11996244,293.6021106,27.94795306,2.0,DC Fast Charger,Commuter
User_4,Hyundai Kona,50.0,Station_327,Houston,79.45782399,1.266430805,32.88286976,13.03623883,Evening,Saturday,83.12000296,99.62432763,199.5777845,38.31631316,1.0,Level 1,Long-Distance Traveler
User_8,Chevy Bolt,75.0,Station_302,Los Angeles,51.46761686,2.655396446,26.70290777,9.796821321,Afternoon,Monday,56.20170303,63.78681533,116.5431658,-4.417459666,0.0,Level 2,Long-Distance Traveler
User_10,Hyundai Kona,50.0,Station_452,Chicago,78.86860745,2.026874691,11.76099972,21.31230245,Morning,Wednesday,27.39945463,70.05338138,54.0063092,27.51201936,2.830381307,DC Fast Charger,Commuter
User_21,Nissan Leaf,50.0,Station_81,Los Angeles,50.27906667,3.168872892,30.48996023,28.87289461,Night,Tuesday,16.54551237,77.93632714,15.4204446,33.9803101,3.0,Level 2,Casual Driver
User_22,Hyundai Kona,62.0,Station_485,New York,59.13503162,2.931761495,,34.8532344,Evening,Sunday,71.53031213,75.97435159,219.6263569,-2.755069332,5.0,Level 1,Commuter
User_24,Tesla Model 3,100.0,Station_326,New York,68.44712632,2.071429209,49.71030697,38.4060617,Morning,Friday,19.23313913,74.00615088,280.9154682,3.580839954,5.0,DC Fast Charger,Commuter
User_30,BMW i3,75.0,Station_438,Chicago,56.59325686,3.153257255,45.811731,33.13209178,Afternoon,Friday,29.2076717,85.00810624,186.1557321,12.33341537,0.0,DC Fast Charger,Casual Driver
User_34,Tesla Model 3,62.0,Station_211,Houston,60.06708509,0.999100188,7.651570047,18.03439004,Afternoon,Monday,22.88146663,51.43427868,46.35755886,13.99159748,1.0,Level 2,Casual Driver
User_35,Chevy Bolt,75.0,Station_402,Houston,57.72437946,1.873581597,4.485647105,35.50300017,Afternoon,Friday,41.87247964,79.64797277,157.614654,28.42980738,1.809172868,DC Fast Charger,Long-Distance Traveler
User_38,Hyundai Kona,75.0,Station_97,New York,73.38661952,1.040452305,38.4508319,15.88270398,Night,Wednesday,49.27538753,94.5970819,42.09574394,33.92957037,6.0,DC Fast Charger,Long-Distance Traveler
User_39,Tesla Model 3,85.0,Station_279,Los Angeles,61.52075986,1.280410708,12.51024896,26.50571298,Afternoon,Monday,87.98462138,79.38844338,141.2437535,5.761050674,7.0,Level 2,Commuter
User_40,Nissan Leaf,100.0,Station_23,Houston,68.17785004,3.242446058,23.31161908,8.498571937,Morning,Thursday,17.04042002,56.07865101,130.3760138,-3.191455366,2.0,Level 2,Long-Distance Traveler
User_41,BMW i3,79.79920376,Station_410,Los Angeles,67.51805822,1.96234054,6.89787833,29.22236195,Night,Sunday,80.86258863,62.52531777,119.6309923,35.23315849,1.969232722,Level 2,Casual Driver
User_44,Nissan Leaf,48.79648264,Station_335,San Francisco,77.05360638,3.030202685,8.388039538,6.364629694,Afternoon,Friday,15.14412247,84.34232687,144.0139812,22.0694708,1.0,DC Fast Charger,Casual Driver
User_47,Nissan Leaf,75.0,Station_282,San Francisco,67.47546614,2.105117079,49.60079965,19.03070021,Night,Sunday,63.03594187,81.7509535,97.45390493,3.194124642,5.0,Level 1,Commuter
User_52,BMW i3,50.0,Station_55,Los Angeles,58.73397362,1.889261518,13.1757273,28.10231006,Morning,Saturday,83.86192691,71.37448251,57.38072425,1.941105156,3.0,Level 1,Commuter
User_53,BMW i3,50.0,Station_192,Chicago,65.98624913,3.313802358,46.27844331,18.84961041,Morning,Wednesday,17.38966714,73.43803962,234.9966616,-7.719425911,0.0,Level 2,Long-Distance Traveler
User_54,Hyundai Kona,62.0,Station_219,Los Angeles,74.99970643,1.911303154,35.92512612,34.08661866,Night,Tuesday,87.2893058,80.4164173,51.82835202,17.80538365,5.0,DC Fast Charger,Long-Distance Traveler
User_56,Tesla Model 3,76.87610038,Station_69,New York,50.26893407,1.67835842,36.30337235,38.94193996,Evening,Saturday,13.48827069,82.69521186,133.9920936,3.042829341,0.0,DC Fast Charger,Casual Driver
User_57,BMW i3,69.88407425,Station_317,San Francisco,76.45046499,3.873449981,11.33906316,30.19223444,Evening,Wednesday,63.67446344,55.38977608,191.937915,10.42464503,2.0,Level 2,Commuter
User_58,Nissan Leaf,62.0,Station_130,Houston,77.86372676,0.917902247,47.1540098,28.30319112,Afternoon,Saturday,56.91742176,57.46568225,129.3894111,38.46677945,3.0,DC Fast Charger,Casual Driver
User_60,Nissan Leaf,100.0,Station_378,Houston,71.28000416,2.413754937,40.61639923,6.744728812,Evening,Wednesday,26.15659795,89.92458853,140.4652132,33.05773081,5.0,Level 2,Casual Driver
User_62,BMW i3,75.0,Station_336,Chicago,62.72316229,2.11789335,30.99702693,30.04444235,Morning,Monday,82.84418007,72.83328569,282.9423218,32.85273262,7.0,DC Fast Charger,Casual Driver
User_65,Nissan Leaf,50.0,Station_119,Los Angeles,76.9334219,2.1234202,34.1768555,34.2283019,Night,Friday,27.17461533,92.1446337,295.8937221,7.941688092,2.591851328,DC Fast Charger,Casual Driver
User_66,BMW i3,62.0,Station_208,Houston,59.25460166,1.279620696,,12.2204383,Night,Thursday,77.03697399,91.82927487,167.2975728,35.27145069,7.0,Level 2,Long-Distance Traveler
User_68,Nissan Leaf,85.0,Station_413,Los Angeles,67.69516175,0.857582465,32.97506874,13.77561921,Afternoon,Saturday,22.48839981,86.77766611,81.28450038,-7.332648304,6.0,DC Fast Charger,Casual Driver
User_70,BMW i3,50.0,Station_35,Houston,67.00568214,3.608030961,4.092360865,14.42396639,Night,Monday,57.67766075,57.11286225,276.3684303,-2.724902766,4.122767457,Level 1,Long-Distance Traveler
User_71,Tesla Model 3,75.0,Station_79,San Francisco,70.61729259,3.280142969,26.07041363,15.47077791,Evening,Wednesday,86.2260252,57.96965542,23.00399875,34.84790798,2.771346484,Level 1,Commuter
User_72,Hyundai Kona,75.0,Station_67,Houston,61.13047583,0.947277209,23.28180496,37.14898173,Evening,Saturday,34.89904375,92.35566117,58.85531552,7.662649709,1.0,DC Fast Charger,Long-Distance Traveler
User_75,Hyundai Kona,85.0,Station_34,Houston,69.16916706,2.285242161,5.557358509,20.76646441,Afternoon,Wednesday,41.08904487,74.39951853,276.5748192,20.01432447,4.0,Level 1,Casual Driver
User_80,BMW i3,75.0,Station_71,Houston,59.98647673,3.7293654,23.41792115,15.68301656,Afternoon,Wednesday,88.09676846,96.13056859,281.7637403,15.06062245,0.0,Level 1,Commuter
User_81,Hyundai Kona,48.05069473,Station_3,Los Angeles,51.67374779,0.691755364,46.59567841,18.01181178,Afternoon,Saturday,55.07217408,62.93578011,222.2746667,2.554243803,7.0,Level 2,Casual Driver
User_85,Tesla Model 3,50.0,Station_82,Houston,57.92445004,1.261117293,12.53816191,19.81732291,Morning,Friday,49.87203405,54.26143302,64.13545484,1.825449687,1.0,Level 1,Casual Driver
User_88,Tesla Model 3,62.0,Station_105,New York,79.81869447,2.606479629,13.00973223,35.97131697,Afternoon,Friday,86.1117565,69.39563152,274.0206539,10.69221009,2.0,Level 2,Casual Driver
User_92,Tesla Model 3,62.0,Station_180,New York,68.57302471,2.930390646,5.454692702,15.88941448,Evening,Saturday,50.31669101,93.89345035,191.4559945,37.89979105,4.0,Level 1,Commuter
User_93,Chevy Bolt,85.0,Station_224,Houston,65.43101691,0.929486554,20.27269894,10.39565797,Night,Sunday,76.46681164,75.84995703,71.43600424,30.19970956,6.0,DC Fast Charger,Long-Distance Traveler
User_94,Chevy Bolt,75.0,Station_6,Los Angeles,71.61568949,3.515012006,31.27184453,21.26356051,Morning,Friday,51.79450504,64.55436325,16.68144582,-1.719850009,3.0,Level 2,Casual Driver
User_97,Hyundai Kona,75.0,Station_71,San Francisco,55.72920335,3.82901181,21.72306732,38.09371751,Morning,Tuesday,63.40496814,68.34785564,74.05219273,34.66345577,0.0,Level 2,Casual Driver
User_100,Tesla Model 3,100.0,Station_158,New York,50.90348236,3.621317101,,28.33888703,Night,Sunday,54.44920446,60.55781888,10.44192923,30.04488288,7.0,DC Fast Charger,Commuter
User_101,BMW i3,77.29894529,Station_228,San Francisco,71.47764853,0.652582226,,11.36377565,Morning,Sunday,27.57501003,53.78802525,197.6456759,28.97677093,3.0,DC Fast Charger,Casual Driver
User_102,Tesla Model 3,100.0,Station_405,San Francisco,74.15366016,4.123064396,31.27742949,26.0001564,Morning,Wednesday,12.95698802,52.9899671,91.38484095,35.79315362,0.0,DC Fast Charger,Long-Distance Traveler
User_105,Tesla Model 3,85.0,Station_209,New York,61.69743867,2.525513037,30.78399682,22.48712027,Evening,Sunday,84.27365688,57.22115431,208.6484696,28.31215671,6.0,Level 2,Commuter
User_108,BMW i3,147.3953543,Station_115,San Francisco,65.89318362,3.146250636,24.83213224,11.03767314,Evening,Tuesday,27.38119598,64.70149353,74.92331106,13.41962956,6.0,Level 1,Long-Distance Traveler
User_118,Chevy Bolt,50.0,Station_32,Los Angeles,60.47162635,3.18825895,,15.88570515,Afternoon,Saturday,74.53957948,79.36511566,84.37563039,32.83617858,2.0,Level 1,Casual Driver
User_121,Nissan Leaf,85.0,Station_155,Los Angeles,71.18526462,1.425652551,10.29979972,5.138664199,Morning,Friday,36.8840837,73.96777838,276.2224925,-4.808919737,6.0,Level 1,Commuter
User_125,Tesla Model 3,75.0,Station_494,Houston,64.41904929,3.190013103,24.62165118,28.99874331,Evening,Friday,49.17384524,62.34186035,230.4942718,25.3204757,2.0,Level 1,Long-Distance Traveler
User_133,BMW i3,50.0,Station_199,Houston,65.48719596,2.06628138,37.57728956,31.14502051,Evening,Thursday,42.83535123,83.70937054,102.2390727,17.52272767,6.0,DC Fast Charger,Long-Distance Traveler
User_139,Nissan Leaf,85.0,Station_278,San Francisco,74.10645012,2.965419405,32.29091083,25.66318432,Evening,Tuesday,33.43975255,86.90439984,179.5885267,14.12322246,4.0,Level 1,Long-Distance Traveler
User_140,Hyundai Kona,62.0,Station_447,New York,66.15159679,3.062344294,50.17058595,36.29871225,Evening,Monday,75.48580234,56.12136493,46.81290396,32.29274612,1.0,Level 2,Commuter
User_144,BMW i3,50.0,Station_74,Houston,78.69341922,2.856062565,36.56255637,7.639601311,Evening,Tuesday,38.19062073,82.43448923,17.2415972,12.73792455,7.0,Level 1,Long-Distance Traveler
User_145,BMW i3,93.09486955,Station_25,San Francisco,68.03002486,1.516972291,16.3955168,18.9698758,Morning,Tuesday,50.70024741,60.74599062,148.0864323,34.79282129,0.0,Level 2,Casual Driver
User_147,BMW i3,100.0,Station_176,Los Angeles,74.28073484,1.061344468,41.34180124,12.88650542,Evening,Thursday,66.0051338,82.71272304,35.47986919,4.761855467,7.0,Level 2,Casual Driver
User_149,Nissan Leaf,50.0,Station_117,Los Angeles,74.94807969,2.019228414,43.62020159,31.58444612,Morning,Tuesday,72.33754267,62.45464272,127.9108306,12.2647032,5.0,Level 2,Long-Distance Traveler
User_150,BMW i3,100.0,Station_166,Los Angeles,52.8841303,1.276982658,35.52596163,7.95349418,Night,Sunday,30.59535961,76.02826981,186.8140686,19.18928092,0.0,Level 1,Commuter
User_152,Tesla Model 3,85.0,Station_429,New York,55.91756317,2.553216595,6.638807143,25.57187248,Night,Saturday,46.86961642,67.95937767,179.0935735,15.16931484,6.0,DC Fast Charger,Commuter
User_153,Tesla Model 3,62.0,Station_344,San Francisco,76.59801205,3.320835389,31.59720483,19.34114104,Morning,Friday,69.31359127,92.69136039,290.988477,31.24889263,3.0,DC Fast Charger,Casual Driver
User_155,Chevy Bolt,50.0,Station_366,Houston,56.06879095,3.254362544,28.16853365,7.964297406,Afternoon,Monday,75.63146824,55.82273779,219.4318971,7.109435812,4.0,DC Fast Charger,Long-Distance Traveler
User_156,Tesla Model 3,62.0,Station_120,Houston,65.04979561,3.436820245,22.55945181,20.79767963,Night,Saturday,83.58728192,80.04211898,188.0781767,25.34429385,3.0,DC Fast Charger,Casual Driver
User_164,Tesla Model 3,62.0,Station_377,New York,69.10554639,3.27519366,22.98621554,9.357435457,Afternoon,Monday,58.58472328,62.96258204,101.3750717,1.496665178,1.0,Level 2,Long-Distance Traveler
User_167,BMW i3,75.0,Station_137,Houston,54.6408791,3.249662139,19.70948849,18.84386067,Morning,Monday,27.0170636,85.53675893,130.551963,12.62950128,5.0,Level 1,Commuter
User_168,Chevy Bolt,75.0,Station_324,Chicago,67.89119053,3.007291693,9.684686976,11.33027693,Afternoon,Wednesday,64.31430157,77.58261619,32.89268076,16.31767547,6.0,Level 2,Casual Driver
User_170,BMW i3,85.0,Station_273,Houston,56.01783154,1.040974023,37.85307848,14.57709875,Evening,Monday,18.03729692,61.93129744,14.72364927,11.49275618,7.0,Level 1,Long-Distance Traveler
User_171,Tesla Model 3,85.0,Station_117,Houston,127.7574744,0.984549221,9.2864977,20.34244787,Night,Monday,27.64544589,90.29992273,103.9578251,18.40533315,1.0,Level 2,Casual Driver
User_175,BMW i3,50.0,Station_168,Houston,71.14274636,1.725136155,14.82991098,37.01632786,Afternoon,Saturday,73.16017409,75.75484663,150.2700221,17.42486706,5.0,DC Fast Charger,Long-Distance Traveler
User_178,Tesla Model 3,95.69778087,Station_341,New York,78.83314652,2.921583662,8.424644632,23.30472969,Afternoon,Wednesday,12.48227539,78.60859386,118.6950831,4.760809785,0.0,DC Fast Charger,Casual Driver
User_179,Hyundai Kona,100.0,Station_149,New York,63.2365161,0.835845142,5.255799991,39.69535324,Afternoon,Wednesday,31.10919008,50.16354627,132.9596225,30.79081504,2.0,Level 1,Casual Driver
User_180,Tesla Model 3,50.0,Station_402,San Francisco,50.16138088,3.984418264,29.08728055,8.854761003,Night,Thursday,62.13327966,95.39612687,42.37605575,18.45997761,7.0,DC Fast Charger,Casual Driver
User_182,Chevy Bolt,50.0,Station_413,Los Angeles,61.00032236,3.02652484,5.72046526,20.41637758,Morning,Tuesday,44.94524693,66.19582006,232.3210389,27.54479108,6.0,Level 2,Casual Driver
User_187,Hyundai Kona,102.83943,Station_274,Chicago,72.23781882,3.498285555,14.43590506,24.3268478,Afternoon,Sunday,83.20627215,83.20544452,131.286165,3.860209283,2.0,Level 2,Casual Driver
User_189,Tesla Model 3,50.0,Station_496,Houston,63.62653233,2.040022115,9.986771923,35.02872012,Afternoon,Sunday,41.00608003,71.25331651,,5.098606887,1.0,Level 1,Commuter
User_191,Nissan Leaf,100.0,Station_101,Los Angeles,65.83154347,3.705617222,7.253633663,7.453842745,Morning,Monday,82.15451673,58.35734375,65.28637656,-7.430016353,0.0,Level 1,Casual Driver
User_192,Hyundai Kona,100.0,Station_45,Los Angeles,55.18877391,1.414505761,,23.68341,Morning,Wednesday,152.4897609,68.12881246,249.0494143,30.69927933,0.0,Level 1,Commuter
User_193,BMW i3,85.0,Station_82,Chicago,55.9794347,1.106862483,13.79927221,31.52986271,Evening,Monday,2.325958995,71.03902179,67.87474828,11.44258047,5.0,Level 1,Casual Driver
User_197,Chevy Bolt,50.0,Station_433,Los Angeles,52.50980894,2.764323587,17.12970238,43.15651393,Evening,Thursday,30.47511661,90.93210943,152.2575153,-7.432249212,0.0,Level 1,Commuter
User_201,Nissan Leaf,62.0,Station_338,San Francisco,80.72941928,2.877191094,36.78209781,12.94572889,Night,Saturday,70.51514965,92.97486255,211.6338745,4.741180801,4.0,Level 1,Casual Driver
User_202,Chevy Bolt,85.0,Station_404,New York,53.58667286,3.445384637,6.927506568,7.441371986,Afternoon,Monday,58.07325463,92.26582398,101.9504792,7.377646954,6.455612284,Level 1,Casual Driver
User_203,Tesla Model 3,62.0,Station_376,Los Angeles,72.8285851,0.599135251,47.52616642,36.35757443,Evening,Tuesday,81.71875949,65.9878561,186.723707,-8.817659946,2.0,Level 1,Long-Distance Traveler
User_204,Tesla Model 3,85.0,Station_376,Los Angeles,64.23213303,2.822449218,29.92814716,5.935357649,Afternoon,Sunday,69.29221386,64.3411288,268.9329205,3.945102536,0.0,DC Fast Charger,Casual Driver
User_206,Chevy Bolt,62.0,Station_107,New York,63.85425614,3.887300864,37.22881554,8.317684005,Morning,Sunday,17.58200971,74.04968197,128.3524661,28.16679401,3.281116643,Level 1,Commuter
User_207,Hyundai Kona,85.0,Station_108,Houston,70.99471727,0.776358498,12.56141232,13.17014202,Morning,Friday,72.89524753,68.05110318,189.3786646,4.756515892,7.0,Level 1,Long-Distance Traveler
User_208,Chevy Bolt,85.0,Station_265,San Francisco,62.24807114,3.432085658,18.5894723,15.58468446,Evening,Tuesday,78.60469651,99.52158491,102.9238175,20.80867427,6.0,Level 2,Commuter
User_209,BMW i3,89.03206383,Station_205,Houston,78.64289917,0.608975083,34.823951,31.44978444,Afternoon,Wednesday,74.34868091,50.72443431,,21.9585411,6.0,Level 2,Commuter
User_211,Chevy Bolt,85.0,Station_155,Houston,75.18617181,3.623184646,53.1747828,14.73538709,Evening,Tuesday,17.16005127,64.31018702,150.0470024,24.92336832,5.0,Level 1,Casual Driver
User_213,Chevy Bolt,81.65318205,Station_476,Los Angeles,73.61433544,3.665318918,3.855782923,14.12480236,Evening,Tuesday,46.80786064,86.59530629,162.0630202,33.8607877,7.0,DC Fast Charger,Commuter
User_215,Chevy Bolt,62.0,Station_247,Los Angeles,51.16182198,1.286674507,15.00297561,39.81658731,Evening,Wednesday,44.27162791,90.66847432,35.4562759,31.91759862,1.888037483,DC Fast Charger,Casual Driver
User_217,BMW i3,62.0,Station_346,Chicago,67.92283225,3.704571949,41.7435588,32.17628426,Night,Wednesday,63.58206768,89.93768114,157.0245514,14.33345539,5.0,DC Fast Charger,Long-Distance Traveler
User_219,Tesla Model 3,85.0,Station_26,Chicago,50.6437366,2.22914255,29.63368144,38.24799124,Afternoon,Sunday,31.57069886,70.64832964,195.0011484,6.434361447,3.0,Level 1,Long-Distance Traveler
User_220,Tesla Model 3,50.0,Station_217,Chicago,52.05474165,2.935609252,5.231316129,24.99614525,Morning,Wednesday,74.86887756,64.36996367,153.9736062,4.820141443,4.0,DC Fast Charger,Commuter
User_221,Nissan Leaf,75.0,Station_154,New York,57.89799819,0.6055648,15.38088133,28.13582402,Night,Tuesday,58.60214897,77.23174937,266.6876733,15.72519595,7.0,Level 1,Long-Distance Traveler
User_225,Tesla Model 3,62.0,Station_433,New York,55.46412784,0.584464725,20.98803215,16.65159816,Afternoon,Tuesday,78.79166882,55.02318043,90.39683723,15.92271475,3.0,Level 1,Long-Distance Traveler
User_227,Nissan Leaf,100.0,Station_480,Chicago,65.24475505,0.878651682,46.9698183,24.75285105,Evening,Saturday,27.08090945,55.74761112,95.65656154,20.42707195,4.0,Level 2,Commuter
User_231,Nissan Leaf,85.0,Station_481,San Francisco,66.62370004,1.229144212,45.50567504,22.33792167,Night,Wednesday,62.39013911,79.43489768,286.0720989,-0.976247385,0.0,Level 1,Commuter
User_233,BMW i3,120.5106328,Station_275,Houston,68.82528251,2.465336096,16.93561005,33.86154813,Afternoon,Monday,70.75160734,55.33183817,139.0348047,-1.966119085,0.0,Level 1,Commuter
User_234,BMW i3,75.0,Station_273,Los Angeles,65.89172327,0.73893053,36.49305496,9.144724291,Afternoon,Tuesday,18.87132186,65.01723141,77.26928193,11.72918175,5.0,Level 2,Commuter
User_244,Chevy Bolt,100.0,Station_55,New York,66.52076448,0.206630883,15.09948391,34.74007813,Morning,Wednesday,19.50529978,63.4859202,123.5700603,-6.756693665,3.969244032,Level 1,Long-Distance Traveler
User_247,BMW i3,100.0,Station_200,New York,59.78121988,3.839544843,28.46175259,13.52412911,Afternoon,Tuesday,72.52185208,69.18586553,134.3846583,18.12959244,6.0,Level 2,Casual Driver
User_248,Tesla Model 3,94.82402915,Station_308,Los Angeles,76.35819792,2.974836267,10.89466858,68.93168829,Afternoon,Saturday,80.67885939,64.03368551,213.4906079,36.46750891,5.0,Level 2,Commuter
User_249,BMW i3,100.0,Station_356,San Francisco,60.41010375,1.708970701,48.78868466,17.89853157,Evening,Thursday,77.00681785,82.53096522,99.54258331,12.87049397,2.0,DC Fast Charger,Casual Driver
User_254,Chevy Bolt,75.0,Station_302,Houston,61.11752874,2.710755713,28.40157855,20.04094214,Night,Sunday,28.7158913,52.96116986,172.6673988,-3.133508581,1.0,Level 2,Long-Distance Traveler
User_255,Tesla Model 3,62.0,Station_356,Los Angeles,65.55092159,3.575625486,12.16339721,24.20928706,Night,Sunday,47.91062987,97.30684589,153.2209691,28.69465695,3.0,Level 1,Casual Driver
User_256,Chevy Bolt,50.0,Station_400,San Francisco,76.57976765,0.624618293,10.56645094,36.69399043,Evening,Wednesday,47.05893886,71.88986245,33.62751261,16.46756864,0.0,Level 1,Long-Distance Traveler
User_258,Hyundai Kona,100.0,Station_189,Los Angeles,56.35798687,3.210926146,,35.07084018,Morning,Wednesday,25.4359194,68.93257356,233.9139584,5.855527431,0.0,Level 2,Casual Driver
User_260,Nissan Leaf,62.0,Station_318,Los Angeles,60.52272949,3.078528493,14.16343772,22.67035545,Evening,Saturday,25.51167315,64.21387738,219.1154065,-8.823314271,4.0,DC Fast Charger,Commuter
User_262,Chevy Bolt,100.0,Station_49,San Francisco,54.12608725,1.253314562,13.61905214,31.93611569,Afternoon,Thursday,69.63478803,88.99147531,175.2062101,-9.824642409,7.0,Level 2,Long-Distance Traveler
User_267,BMW i3,85.0,Station_144,New York,56.82135247,0.865213147,21.26970474,15.83281356,Afternoon,Tuesday,17.45124072,53.85017463,263.744879,39.80240625,2.0,Level 2,Long-Distance Traveler
User_269,Hyundai Kona,100.0,Station_200,Los Angeles,58.15106289,1.9862539,34.96509714,25.3916038,Afternoon,Tuesday,17.46097583,82.13113775,236.8331846,35.58930117,7.0,DC Fast Charger,Casual Driver
User_270,BMW i3,10.18928677,Station_157,New York,63.59427153,3.333555448,28.59630646,5.086397605,Night,Monday,18.28423537,63.02512257,149.9569495,2.790844167,4.0,DC Fast Charger,Commuter
User_271,Chevy Bolt,85.0,Station_487,Chicago,55.41504977,2.314931146,30.64392048,36.42534262,Afternoon,Sunday,88.07089504,64.80813651,176.9329581,-8.428028851,5.0,DC Fast Charger,Long-Distance Traveler
User_273,Tesla Model 3,75.0,Station_134,Los Angeles,70.24471718,3.372738572,31.88182227,18.52782019,Night,Thursday,72.54929507,91.90178009,34.52241142,7.136485622,4.0,Level 2,Casual Driver
User_275,Chevy Bolt,62.0,Station_148,Chicago,59.14827213,3.878900409,14.88015319,32.07478813,Morning,Tuesday,40.00389357,57.34829205,,-1.864065534,3.0,Level 2,Long-Distance Traveler
User_277,Hyundai Kona,100.0,Station_71,Houston,79.00225971,3.893154871,26.97742286,11.28750438,Night,Friday,22.53375157,93.2978301,39.74600723,7.684356808,3.0,Level 2,Commuter
User_279,Chevy Bolt,62.0,Station_334,Chicago,73.22951285,3.516353117,23.61812385,16.97108591,Afternoon,Saturday,14.07814108,60.68877555,,35.83359546,5.0,DC Fast Charger,Casual Driver
User_286,Hyundai Kona,85.0,Station_26,New York,61.83012084,1.399519752,49.15968568,8.021784138,Evening,Saturday,36.84689682,92.67951285,80.99732071,-2.341554226,0.0,Level 1,Commuter
User_287,BMW i3,75.0,Station_121,Houston,51.62169093,1.303555581,43.16138737,28.15164637,Afternoon,Monday,22.78747904,58.66249439,185.9521521,7.936964701,7.0,Level 1,Casual Driver
User_290,BMW i3,75.0,Station_63,Houston,70.62045542,0.637026905,18.33554746,14.73821179,Morning,Saturday,25.72347164,99.5858146,188.4637916,-4.842996855,2.0,Level 1,Commuter
User_291,Chevy Bolt,75.0,Station_451,Chicago,74.49108356,2.85908048,32.94971165,31.65427854,Evening,Wednesday,55.66200144,52.5716222,160.6786185,26.30750447,5.0,Level 1,Commuter
User_293,Tesla Model 3,100.0,Station_68,Houston,78.3990561,0.531884804,29.75315871,34.30110996,Night,Sunday,49.66021029,83.24626253,119.7886479,-9.296045391,1.0,Level 1,Commuter
User_294,BMW i3,50.0,Station_253,Chicago,65.32285347,1.292382385,41.87715415,17.84050973,Afternoon,Wednesday,54.29560689,87.54853995,32.14595633,-9.39536526,3.0,Level 1,Long-Distance Traveler
User_296,Hyundai Kona,85.0,Station_459,Chicago,78.15878931,1.548133495,7.34702904,15.06417173,Evening,Thursday,78.17878531,80.78249491,114.7663152,20.83100013,4.0,Level 1,Casual Driver
User_301,Hyundai Kona,65.04709891,Station_49,Los Angeles,54.52901287,0.643104841,41.49423802,9.767814596,Morning,Monday,73.36171145,73.14283891,250.3699282,31.24733539,0.0,Level 1,Long-Distance Traveler
User_302,Hyundai Kona,50.0,Station_140,New York,56.32464878,3.354432889,14.24598624,31.34224899,Evening,Sunday,63.93275378,87.69917051,174.1389421,-6.256501931,7.0,Level 2,Long-Distance Traveler
User_304,Hyundai Kona,75.0,Station_44,Los Angeles,65.22545228,2.759986207,18.06959233,29.43589439,Evening,Tuesday,45.50686598,83.40752161,206.9879013,4.068853036,0.0,DC Fast Charger,Casual Driver
User_310,Hyundai Kona,100.0,Station_98,Houston,66.17491556,1.590891399,4.096052506,37.05502096,Night,Wednesday,57.51855751,59.21834421,19.84255062,12.62900175,2.0,DC Fast Charger,Casual Driver
User_313,Nissan Leaf,75.0,Station_149,San Francisco,50.65984701,0.560030882,41.88423158,34.0238372,Night,Friday,79.25660844,76.33856417,206.6680314,14.06007874,2.0,Level 2,Commuter
User_315,Nissan Leaf,75.0,Station_304,New York,64.76361326,0.543359127,31.454058,9.001401096,Evening,Wednesday,68.68211128,63.14004386,213.7308148,-5.431969444,1.0,Level 2,Commuter
User_316,Nissan Leaf,50.0,Station_484,Houston,55.42091221,3.674410026,39.08038685,11.67802099,Morning,Thursday,74.61169024,62.05991728,204.6713676,-9.366179122,1.0,DC Fast Charger,Commuter
User_319,Nissan Leaf,50.0,Station_234,San Francisco,76.70996423,2.718104327,37.73494301,9.420847432,Afternoon,Tuesday,57.41823834,53.71579569,189.8979547,20.60610628,2.0,Level 1,Commuter
User_322,Nissan Leaf,100.0,Station_79,Los Angeles,62.31917555,2.924735272,22.41630596,7.162452048,Afternoon,Sunday,21.81988627,61.29106773,22.61948852,11.12646285,6.0,Level 1,Long-Distance Traveler
User_323,Nissan Leaf,62.0,Station_205,Los Angeles,64.52243107,1.72499133,39.24707457,38.17893479,Morning,Sunday,31.48893119,66.30498503,75.83166645,0.397259806,6.0,Level 2,Commuter
User_324,Tesla Model 3,100.0,Station_279,San Francisco,52.99672888,3.52649887,38.36925514,6.452202177,Night,Monday,10.95091271,69.30238833,27.93090918,14.17776327,6.0,Level 1,Long-Distance Traveler
User_325,Tesla Model 3,75.0,Station_337,Chicago,74.73938754,0.095314417,44.05048456,27.74298694,Morning,Sunday,27.62289342,61.32518277,56.32522739,9.990199637,3.176061926,Level 2,Casual Driver
User_328,Hyundai Kona,100.0,Station_380,New York,58.37615445,1.877522371,4.669667037,33.85680932,Afternoon,Friday,15.3591674,56.58027747,96.86304816,16.97201679,3.0,Level 2,Casual Driver
User_329,Nissan Leaf,62.0,Station_130,San Francisco,57.81943059,2.170471714,,31.92078487,Evening,Tuesday,66.55433082,77.72473781,222.6692511,34.04479017,1.0,Level 2,Commuter
User_333,Tesla Model 3,6.168895844,Station_46,Chicago,50.59695131,3.473172824,9.860027648,27.98654385,Night,Monday,29.94222931,73.75879865,211.6346842,33.23430132,2.0,Level 2,Long-Distance Traveler
User_335,BMW i3,62.0,Station_183,Houston,103.8126056,3.525445469,16.59138267,17.66922823,Night,Friday,52.79679327,89.35179211,99.94100542,8.330158356,3.100169235,Level 2,Casual Driver
User_336,Nissan Leaf,62.0,Station_268,Chicago,70.39888222,0.551533622,20.75090125,20.15830766,Night,Wednesday,84.36276677,62.14760001,240.3347992,-7.880884646,7.0,Level 1,Commuter
User_337,Tesla Model 3,45.62653203,Station_296,San Francisco,77.17272374,1.409128276,17.57302562,11.76049861,Afternoon,Friday,19.94692588,95.09672125,,3.498381006,4.0,Level 2,Casual Driver
User_338,BMW i3,62.0,Station_322,Houston,62.19283346,0.555210364,20.45251231,19.47699463,Morning,Saturday,24.3852456,88.82972948,277.7232645,14.27625134,4.0,DC Fast Charger,Long-Distance Traveler
User_339,Hyundai Kona,62.0,Station_100,New York,71.91146877,2.886555302,10.55280104,21.33234274,Afternoon,Tuesday,86.48761305,70.89800745,140.097571,-4.764488995,7.0,Level 1,Long-Distance Traveler
User_340,BMW i3,62.0,Station_78,Los Angeles,79.97807284,0.919846727,,27.85794777,Evening,Thursday,88.19426953,62.30655559,295.8244837,6.247841392,7.545586233,Level 1,Long-Distance Traveler
User_342,BMW i3,50.0,Station_339,Los Angeles,53.81020176,0.513006351,22.3444403,15.79131976,Morning,Monday,52.44295176,82.42209465,116.7309835,-0.032872473,2.0,Level 1,Long-Distance Traveler
User_344,BMW i3,50.0,Station_44,New York,56.6933015,2.391852379,44.99522224,32.99002236,Morning,Friday,46.58776208,76.38049503,140.3114417,25.12730865,0.0,DC Fast Charger,Long-Distance Traveler
User_348,Tesla Model 3,50.0,Station_192,New York,67.22515102,0.504601217,37.23601436,21.01415302,Morning,Wednesday,38.02384077,94.3676555,57.59194551,12.26524373,6.0,DC Fast Charger,Commuter
User_350,Hyundai Kona,50.0,Station_278,New York,76.71844669,3.774909321,44.13745109,35.85250778,Night,Wednesday,10.89608923,69.9591248,247.4083509,27.95543721,0.0,Level 1,Casual Driver
User_351,Nissan Leaf,62.0,Station_18,Chicago,60.96907589,2.496960181,6.682750854,37.04926024,Afternoon,Wednesday,75.85725206,92.36496167,266.8210878,20.46556617,6.0,Level 1,Commuter
User_353,Tesla Model 3,62.0,Station_180,Los Angeles,65.54082473,1.160654673,31.8589977,37.48997541,Evening,Monday,25.20190341,96.76344205,78.61444616,0.947645051,6.0,Level 2,Commuter
User_354,BMW i3,100.0,Station_123,New York,68.74906949,0.554637178,10.76167059,28.29294039,Afternoon,Thursday,81.28486698,66.07649513,284.8458,13.78965983,3.0,DC Fast Charger,Commuter
User_355,Nissan Leaf,85.0,Station_246,New York,67.43740257,1.814561059,16.09934852,14.99636875,Night,Thursday,89.8707904,93.90137525,36.06023657,34.08218776,3.0,Level 1,Casual Driver
User_358,Hyundai Kona,85.0,Station_51,Los Angeles,62.09565923,2.477935465,30.52868479,8.860047395,Afternoon,Tuesday,43.88619085,81.46898348,285.7904587,-8.559081243,1.0,Level 1,Commuter
User_361,BMW i3,77.60847805,Station_480,Houston,73.09045077,1.754047947,30.38880381,9.595163794,Morning,Tuesday,29.66650146,99.85685077,227.7259802,2.594249726,7.0,DC Fast Charger,Casual Driver
User_370,Hyundai Kona,85.0,Station_304,San Francisco,52.71641215,0.56281694,6.422556539,34.40206564,Night,Tuesday,37.68210272,81.90722842,225.3042081,0.166997605,7.0,DC Fast Charger,Long-Distance Traveler
User_372,BMW i3,48.63693125,Station_443,Los Angeles,68.25299905,1.631995744,29.2084268,9.459763979,Afternoon,Saturday,85.90246196,91.27822447,50.4130249,37.52882264,0.0,Level 2,Long-Distance Traveler
User_373,Nissan Leaf,85.0,Station_69,Los Angeles,56.42022999,0.828873284,25.40285241,29.84842868,Afternoon,Sunday,32.61238657,65.16007357,12.80751473,17.59680236,4.0,Level 1,Long-Distance Traveler
User_374,Chevy Bolt,75.0,Station_11,Houston,52.90446367,1.546956035,15.57205559,18.54288394,Night,Saturday,89.8386107,97.49538047,36.7436948,32.57385369,3.0,Level 2,Long-Distance Traveler
User_378,Nissan Leaf,75.0,Station_378,Chicago,55.78297746,1.376797156,46.3333419,30.47364423,Night,Friday,29.61436323,88.37842812,10.87998409,14.24049489,4.0,Level 1,Commuter
User_383,Tesla Model 3,62.0,Station_9,Chicago,64.94285707,3.636794701,49.31912885,15.32161386,Night,Friday,49.30106049,73.24351853,41.76229202,12.25492864,4.0,Level 1,Long-Distance Traveler
User_384,BMW i3,100.0,Station_271,New York,70.06077676,3.399748993,42.94568337,15.24274876,Morning,Sunday,95.79218803,66.37502518,164.0286371,38.87241151,1.0,Level 1,Long-Distance Traveler
User_387,Nissan Leaf,50.0,Station_454,Houston,54.88401336,1.886770506,6.985136805,6.555981505,Night,Saturday,64.28041815,82.38389625,127.0713209,30.59387793,2.817901717,Level 1,Commuter
User_389,Tesla Model 3,75.0,Station_154,Los Angeles,74.21975586,2.829155378,3.566653037,29.1650415,Night,Friday,55.29384158,90.09711468,,3.205102716,4.0,Level 2,Long-Distance Traveler
User_393,Hyundai Kona,85.0,Station_377,Houston,64.53824697,3.970999801,17.56016007,32.97335649,Evening,Tuesday,17.18963766,57.13538346,258.3785312,12.32638948,7.0,Level 2,Commuter
User_399,BMW i3,62.0,Station_381,Chicago,54.62699763,2.231225791,27.77306743,37.76303576,Morning,Saturday,55.80982586,60.03055718,246.2943567,-4.373660484,2.0,Level 2,Long-Distance Traveler
User_400,Nissan Leaf,75.0,Station_35,Houston,69.44996148,1.066206747,49.41673269,15.30724503,Morning,Thursday,27.56248159,63.29227669,150.1118468,37.89907159,7.0,Level 1,Casual Driver
User_401,Chevy Bolt,85.0,Station_119,San Francisco,66.18914418,2.501463099,2.535237862,13.99319791,Evening,Thursday,88.31726132,103.0634524,69.7400308,21.85316589,1.0,DC Fast Charger,Long-Distance Traveler
User_404,Hyundai Kona,62.0,Station_266,Houston,79.46231191,2.895348986,25.41252017,18.27246951,Evening,Wednesday,28.46123084,49.09641538,48.23161874,32.53882053,3.0,DC Fast Charger,Long-Distance Traveler
User_407,Tesla Model 3,100.0,Station_364,Los Angeles,64.40334433,1.463109094,35.92852161,14.24660004,Evening,Tuesday,96.11613714,57.3205994,139.549416,5.967630773,7.0,Level 2,Commuter
User_409,Hyundai Kona,75.0,Station_238,Chicago,76.44815981,2.515123737,19.76610681,35.7634289,Afternoon,Friday,81.36186446,66.48345027,131.7884615,18.50519213,6.0,DC Fast Charger,Commuter
User_416,Hyundai Kona,50.0,Station_451,Los Angeles,60.260383,3.030396836,31.22297314,11.46758403,Evening,Saturday,51.19126735,66.23084709,175.9741269,6.872874118,7.0,Level 2,Commuter
User_419,Hyundai Kona,62.0,Station_371,Chicago,61.46067459,2.469784373,31.65043077,10.99170879,Evening,Friday,15.97383442,62.93126962,57.16364359,-9.469038376,0.461661553,Level 1,Long-Distance Traveler
User_423,Nissan Leaf,69.44504561,Station_4,Houston,72.71574853,0.682132432,32.25343212,28.11946156,Afternoon,Monday,28.89851962,57.73534409,151.6213286,4.485795959,2.0,DC Fast Charger,Commuter
User_424,Nissan Leaf,85.0,Station_426,Houston,61.9271036,0.798403786,25.27459826,27.12255887,Morning,Wednesday,73.65740812,93.02610697,,7.685197905,3.0,DC Fast Charger,Commuter
User_426,Nissan Leaf,100.0,Station_354,Los Angeles,78.95506102,3.796562676,41.30756664,26.94412074,Night,Tuesday,50.08944939,74.78962116,91.25991154,37.20721924,6.0,Level 2,Commuter
User_427,Tesla Model 3,100.0,Station_106,Chicago,64.98220571,3.734758668,38.49923631,24.81778207,Night,Monday,67.10984362,66.71032209,133.7242441,1.174185402,2.0,Level 1,Commuter
User_429,Hyundai Kona,100.0,Station_214,San Francisco,72.0948405,2.022818243,7.424169716,7.964528514,Morning,Monday,32.50685926,89.84464824,255.1174516,-3.31159917,3.0,Level 1,Commuter
User_430,BMW i3,62.0,Station_121,New York,65.75133335,0.87624523,42.51413255,20.24363545,Evening,Sunday,18.32067912,81.15356977,80.82729731,18.95955582,1.0,Level 2,Commuter
User_434,Chevy Bolt,50.0,Station_19,Houston,74.54048486,3.591079873,16.93586894,28.37468743,Evening,Saturday,51.81491129,76.07639193,31.4384172,10.74680105,2.0,Level 2,Casual Driver
User_435,BMW i3,100.0,Station_130,San Francisco,53.83827206,0.948192985,25.60597779,39.9075072,Morning,Thursday,65.22042875,88.65894891,207.6719839,4.719933351,5.0,Level 2,Commuter
User_438,Chevy Bolt,100.0,Station_330,Houston,76.49931987,3.007714522,37.44551098,31.94888427,Evening,Thursday,24.87475156,58.71010168,59.59145483,45.75334767,2.0,Level 2,Commuter
User_445,Hyundai Kona,85.0,Station_447,New York,72.83010774,1.607848526,45.3791692,5.708701645,Morning,Wednesday,81.62522041,52.32135612,,31.78229689,0.910504317,Level 2,Casual Driver
User_446,BMW i3,100.0,Station_441,Chicago,71.12558827,0.823473852,14.16712914,11.34857955,Morning,Saturday,78.36258957,91.25000145,50.61986713,-1.714475646,5.0,Level 2,Casual Driver
User_448,Tesla Model 3,127.280274,Station_140,San Francisco,53.39924326,3.430514507,49.76976564,15.31997094,Morning,Thursday,51.05548438,50.98469611,215.4640623,31.61934168,6.0,Level 1,Long-Distance Traveler
User_452,BMW i3,85.0,Station_250,Houston,63.83060875,2.45865252,38.13906947,6.759900462,Evening,Thursday,11.08354591,74.40527959,295.9873021,13.91915988,2.044744282,Level 2,Casual Driver
User_453,Hyundai Kona,85.0,Station_139,Chicago,72.94802476,3.757952844,14.7901193,10.5217203,Morning,Friday,38.58475755,78.14300037,14.89172333,34.42220359,2.0,Level 2,Casual Driver
User_455,BMW i3,62.0,Station_309,Chicago,58.79144233,2.471722768,34.24176571,19.21594181,Evening,Wednesday,63.0481628,97.71906135,29.97599292,-4.119519404,7.0,Level 1,Casual Driver
User_456,Nissan Leaf,62.0,Station_228,Houston,65.18392769,2.408337112,38.57770533,33.18646283,Night,Saturday,17.72971756,82.7913617,254.2166124,17.14920107,1.0,Level 1,Commuter
User_457,Hyundai Kona,85.0,Station_10,San Francisco,72.54995631,0.359917241,35.11270258,32.06992949,Morning,Friday,61.84883271,64.36786854,44.41734515,9.687973565,0.0,DC Fast Charger,Commuter
User_458,Chevy Bolt,100.0,Station_469,Los Angeles,57.55690006,3.34150378,13.03628314,14.25810935,Afternoon,Friday,55.28433249,93.58373878,249.4185785,24.24837182,2.0,Level 1,Casual Driver
User_459,Nissan Leaf,52.33224826,Station_212,San Francisco,67.41433642,3.043865243,48.63021491,11.1260901,Night,Friday,93.24635424,69.22633585,206.5482135,32.35574337,6.238923431,Level 1,Commuter
User_462,Nissan Leaf,50.0,Station_292,Los Angeles,78.30687813,2.40015746,11.8110025,29.76314299,Afternoon,Thursday,18.93648978,51.58666808,20.62247449,4.690969979,1.0,Level 2,Commuter
User_466,Nissan Leaf,85.0,Station_253,Chicago,62.04960065,1.177716989,31.37496792,35.34478943,Morning,Sunday,88.13204445,58.35691809,205.2296163,11.03415621,5.0,DC Fast Charger,Commuter
User_467,Nissan Leaf,85.0,Station_14,New York,58.09105214,2.649403041,7.069653277,30.93345703,Afternoon,Saturday,42.03630469,99.21085073,39.4042422,-6.248861996,4.0,Level 2,Casual Driver
User_468,Chevy Bolt,75.0,Station_240,San Francisco,63.29716819,0.833544584,30.6866948,5.541127115,Morning,Wednesday,37.26698195,70.74768658,,7.957659565,4.0,Level 1,Long-Distance Traveler
User_471,Nissan Leaf,129.5241594,Station_469,San Francisco,65.45087829,3.919259959,47.44351917,11.05758726,Evening,Saturday,17.5659589,99.94081726,117.8599335,10.83770274,0.0,DC Fast Charger,Long-Distance Traveler
User_475,Chevy Bolt,100.0,Station_306,San Francisco,57.85966999,3.104775855,40.17499281,36.94377035,Evening,Wednesday,43.72609899,96.35537304,129.6127756,-7.462385444,5.0,Level 1,Long-Distance Traveler
User_477,BMW i3,50.0,Station_167,Los Angeles,65.8986118,2.155199156,39.45935876,10.07764264,Morning,Monday,73.79002998,95.28862889,161.1960701,26.15366867,3.0,Level 2,Commuter
User_480,Hyundai Kona,78.84320421,Station_343,New York,77.34671417,1.816524245,7.851894641,37.60901009,Morning,Tuesday,63.62122758,82.11490617,,-5.390181108,7.0,Level 2,Casual Driver
User_486,Chevy Bolt,100.0,Station_294,Los Angeles,54.99600399,1.246249685,23.09310458,36.9679954,Morning,Tuesday,57.0843271,88.92940042,11.21551961,3.244247129,7.0,DC Fast Charger,Casual Driver
User_494,Tesla Model 3,75.0,Station_446,Los Angeles,54.99770543,3.478629285,34.58457237,36.06123732,Morning,Wednesday,42.69807426,60.69092057,2.908369295,22.32525036,1.0,DC Fast Charger,Commuter
User_495,Hyundai Kona,75.0,Station_378,Houston,64.87047474,3.233908962,38.98816937,5.19759077,Night,Tuesday,26.65071179,56.3647707,90.1348094,27.33409428,4.0,Level 1,Casual Driver
User_498,Tesla Model 3,100.0,Station_51,New York,79.41814361,2.448882988,40.53974347,21.02559183,Morning,Wednesday,41.24381174,60.46037412,54.66136459,-0.38038682,6.0,DC Fast Charger,Casual Driver
User_500,Tesla Model 3,104.9172008,Station_294,New York,74.02042766,2.686048358,31.70343602,16.62835457,Evening,Friday,37.01027817,80.97290503,171.6619652,17.89066769,5.0,DC Fast Charger,Long-Distance Traveler
User_503,Hyundai Kona,50.0,Station_266,Los Angeles,63.79396887,0.780726977,25.33774295,18.7730047,Afternoon,Saturday,35.17374582,92.89712659,208.1049928,22.73671045,2.0,Level 2,Commuter
User_504,Chevy Bolt,85.0,Station_120,Houston,67.45124177,0.849602113,45.01922284,28.34227905,Evening,Friday,36.06774243,61.52733401,277.4891719,20.70521874,0.0,DC Fast Charger,Casual Driver
User_505,Chevy Bolt,62.0,Station_200,Los Angeles,56.888516,3.002854686,4.866182245,28.25376952,Afternoon,Wednesday,24.39313573,64.47087617,153.0736436,29.95583092,4.0,Level 2,Commuter
User_508,BMW i3,75.0,Station_70,Los Angeles,73.61974525,3.512410977,25.2762721,24.75324613,Morning,Thursday,36.21438192,85.98415765,253.8460156,36.15884522,2.0,Level 2,Casual Driver
User_517,Nissan Leaf,50.0,Station_440,New York,70.38996844,1.637471633,,32.26140542,Night,Tuesday,112.4907761,70.28357264,188.3102261,-7.643437415,4.0,Level 1,Casual Driver
User_521,BMW i3,85.0,Station_352,Houston,60.12372287,2.969014435,30.65934381,19.6272772,Night,Friday,30.09851055,86.7579399,205.5531188,34.63224699,6.0,DC Fast Charger,Long-Distance Traveler
User_522,Tesla Model 3,85.0,Station_460,Los Angeles,67.93942572,1.223061893,17.8996643,0.307085453,Afternoon,Thursday,46.18088081,57.46766554,109.0088004,5.543129287,3.0,Level 2,Long-Distance Traveler
User_523,BMW i3,50.0,Station_304,Los Angeles,70.04034617,2.934265526,32.41028761,16.57654005,Night,Sunday,19.34032288,87.55060864,149.7057832,-1.336590181,7.0,Level 1,Long-Distance Traveler
User_524,Chevy Bolt,85.0,Station_298,Chicago,68.55546012,0.620746088,6.326355676,13.36561763,Night,Wednesday,19.19586417,69.22304946,40.61263817,-7.031217903,0.917719641,Level 2,Casual Driver
User_528,Tesla Model 3,62.0,Station_180,New York,61.68434322,0.67430099,13.41280161,29.84073473,Night,Monday,86.66804504,87.83956714,277.8175212,37.44001254,6.0,Level 1,Commuter
User_533,Nissan Leaf,50.0,Station_25,Houston,79.39006382,2.714307816,19.13778917,21.85267826,Morning,Saturday,63.91237042,87.44451137,,14.46130434,4.0,Level 2,Commuter
User_540,BMW i3,62.0,Station_382,Los Angeles,57.03840397,2.187880573,43.96739064,8.958090113,Evening,Tuesday,65.23313127,89.08926956,181.0451163,8.223442942,5.0,DC Fast Charger,Casual Driver
User_542,Nissan Leaf,75.0,Station_477,Los Angeles,63.02355463,1.328228592,8.559006857,17.57057593,Night,Monday,42.42816272,74.74473037,190.2375004,-2.81544013,9.076121184,Level 2,Long-Distance Traveler
User_544,BMW i3,62.0,Station_64,San Francisco,56.6174958,1.255428688,,37.14195812,Morning,Friday,57.71564716,88.56810415,107.0075885,28.93987779,4.0,DC Fast Charger,Long-Distance Traveler
User_545,Tesla Model 3,50.0,Station_455,San Francisco,53.17397382,0.626534312,19.1491932,26.68776576,Afternoon,Saturday,40.5196008,70.54702336,105.4506868,37.89126925,2.0,DC Fast Charger,Long-Distance Traveler
User_546,Hyundai Kona,50.0,Station_232,Los Angeles,51.87067063,3.860721725,28.74682187,20.1903994,Afternoon,Sunday,85.33986898,72.419012,261.2251303,-0.227549619,4.0,Level 2,Long-Distance Traveler
User_547,Hyundai Kona,100.0,Station_289,San Francisco,64.30797978,2.47265805,33.3084678,14.19513062,Morning,Monday,42.86107519,96.57019742,232.1110226,-7.676627702,6.0,DC Fast Charger,Commuter
User_549,Tesla Model 3,85.0,Station_258,San Francisco,56.72762318,2.014009928,11.92634021,19.14476389,Night,Tuesday,37.88224306,62.63758862,288.1981961,10.57069012,6.0,Level 2,Long-Distance Traveler
User_555,Hyundai Kona,85.0,Station_84,Houston,64.60983161,1.226894334,3.991359551,37.08082729,Morning,Wednesday,21.98287037,72.93984362,116.177119,17.10924053,4.0,Level 1,Long-Distance Traveler
User_557,Chevy Bolt,75.0,Station_435,San Francisco,65.59742669,1.026892846,5.587311138,2.348075123,Evening,Monday,17.66957398,86.32257217,,-9.26753257,1.0,Level 2,Commuter
User_561,Tesla Model 3,50.0,Station_110,New York,52.55689588,1.038957966,37.50238774,26.92281538,Afternoon,Wednesday,71.54644711,74.06468015,49.571174,31.5287761,1.0,Level 2,Commuter
User_563,Hyundai Kona,62.0,Station_88,Chicago,54.7848794,1.835515717,,30.79227218,Morning,Thursday,64.23263518,61.68677659,204.7097989,26.54894217,4.0,Level 1,Long-Distance Traveler
User_566,BMW i3,62.0,Station_30,Chicago,79.78776886,1.446464436,,15.67662699,Afternoon,Wednesday,79.8174273,74.12982191,286.5727671,1.145323214,4.0,Level 1,Casual Driver
User_567,Chevy Bolt,85.0,Station_172,Houston,75.62248861,1.747279577,16.79147373,30.05461855,Morning,Sunday,72.63725302,68.33086516,214.7186173,38.10561785,2.0,DC Fast Charger,Commuter
User_569,BMW i3,50.0,Station_394,Los Angeles,60.63745353,1.753845775,7.703067645,14.58892712,Afternoon,Monday,71.58529276,56.16768066,135.9953214,12.16890671,0.0,DC Fast Charger,Long-Distance Traveler
User_570,Chevy Bolt,75.0,Station_343,Houston,66.85109294,2.587561871,20.27113939,38.77129432,Evening,Tuesday,24.35122821,61.21435182,297.8937853,35.22549699,4.0,DC Fast Charger,Long-Distance Traveler
User_573,Chevy Bolt,15.42168148,Station_139,Chicago,67.70594564,3.920861301,13.86051817,33.83991939,Afternoon,Sunday,79.21151852,57.56582309,259.6312191,-2.733592901,0.0,Level 2,Commuter
User_575,Hyundai Kona,50.0,Station_186,Los Angeles,60.93981788,1.812472507,18.87937018,30.05560459,Afternoon,Sunday,81.44119468,66.37170349,88.25561781,1.895490023,3.898678749,DC Fast Charger,Casual Driver
User_579,Nissan Leaf,85.0,Station_431,Los Angeles,70.53663659,2.484147323,42.09577517,19.80706246,Morning,Saturday,87.14823173,66.96786044,173.2121715,30.2747549,6.0,DC Fast Charger,Long-Distance Traveler
User_580,BMW i3,100.0,Station_13,New York,73.31591786,2.896990677,23.97348714,18.38799786,Morning,Wednesday,18.39015107,80.42568669,86.38453002,17.73868309,1.0,Level 2,Casual Driver
User_581,BMW i3,50.0,Station_296,San Francisco,62.86785795,2.923176577,15.49002761,10.01092975,Morning,Wednesday,33.80968016,61.33586729,112.9222169,1.901738829,4.0,Level 1,Casual Driver
User_583,Tesla Model 3,85.0,Station_324,New York,74.78969508,1.879862312,21.10837172,10.3422527,Morning,Saturday,16.30623977,69.88709284,260.004374,32.74589757,3.0,Level 1,Long-Distance Traveler
User_585,Chevy Bolt,91.77553028,Station_403,Los Angeles,66.82312116,2.98595497,11.89627328,22.68582478,Evening,Sunday,76.65817666,84.90230211,108.8522569,36.0419593,5.0,Level 1,Commuter
User_589,BMW i3,62.0,Station_275,Houston,71.97510218,1.057536324,23.65002521,32.02073545,Morning,Monday,63.10375471,63.99918589,103.9155588,21.52620216,5.0,Level 2,Commuter
User_594,Nissan Leaf,62.0,Station_208,Houston,75.40700954,3.15448654,17.72970872,9.081870691,Evening,Sunday,32.02965793,101.6052792,93.79222805,12.4570578,0.0,Level 2,Commuter
User_597,Hyundai Kona,85.0,Station_280,Los Angeles,67.56014288,2.81123665,8.970549593,37.67046404,Afternoon,Thursday,69.31469757,96.9366454,145.6653929,35.81886023,7.0,DC Fast Charger,Commuter
User_598,Hyundai Kona,75.0,Station_34,New York,52.57470179,3.265989574,4.711583205,12.3288539,Evening,Tuesday,89.10032843,82.21819367,165.4540349,16.54458123,5.0,Level 2,Commuter
User_605,Chevy Bolt,75.0,Station_410,San Francisco,51.63684234,0.783552125,14.6069844,13.47966679,Afternoon,Monday,32.40961573,78.63615923,277.7326068,31.30278752,0.0,Level 1,Long-Distance Traveler
User_608,Tesla Model 3,75.0,Station_13,Chicago,55.39579144,2.253027296,31.55409656,12.86430721,Afternoon,Monday,12.98057686,61.21899271,163.2501715,29.71628091,6.0,Level 1,Commuter
User_610,Tesla Model 3,75.0,Station_285,New York,67.38186056,0.799210231,2.63696679,25.81518236,Night,Wednesday,12.05479002,86.490247,233.883499,5.890056033,2.0,DC Fast Charger,Commuter
User_611,Tesla Model 3,75.0,Station_259,San Francisco,68.23834405,2.710437199,8.991499199,39.6850224,Evening,Thursday,30.2281816,80.0437446,245.3146689,11.7121696,7.0,Level 1,Long-Distance Traveler
User_612,Tesla Model 3,62.0,Station_90,Los Angeles,67.13334039,1.234154803,27.9567152,32.69770059,Evening,Thursday,23.50594716,76.14600845,7.619894391,8.087592837,4.0,Level 1,Casual Driver
User_616,Chevy Bolt,62.0,Station_250,Chicago,74.51050318,1.589218758,7.994911673,29.59671413,Morning,Saturday,70.43050311,95.65922813,298.2996759,36.38338546,1.0,Level 1,Casual Driver
User_621,Hyundai Kona,121.2118924,Station_108,San Francisco,66.70523645,1.895220172,6.513656893,32.28523073,Night,Wednesday,56.71797218,83.64618153,166.6244439,32.84721981,7.0,Level 2,Commuter
User_630,BMW i3,85.0,Station_485,Chicago,58.77314552,2.746555881,12.80228934,22.0395108,Night,Wednesday,70.88021022,72.25262595,87.25015523,4.700463191,6.0,Level 2,Long-Distance Traveler
User_631,Hyundai Kona,62.0,Station_391,Chicago,65.53939778,1.965124533,5.210684627,32.84723523,Night,Thursday,45.97265796,51.33001152,166.1593671,8.904525856,6.0,Level 2,Long-Distance Traveler
User_632,Tesla Model 3,62.0,Station_282,San Francisco,79.21399696,2.604326203,20.61380416,22.48456536,Night,Monday,37.49932663,96.6797086,,-1.2045317,4.0,DC Fast Charger,Commuter
User_633,BMW i3,62.0,Station_474,New York,62.91943735,1.110562982,37.24345801,38.96704817,Afternoon,Saturday,39.36013937,50.60418728,268.5474334,21.51949832,4.0,DC Fast Charger,Casual Driver
User_638,Hyundai Kona,75.0,Station_424,Los Angeles,78.23764802,2.783211867,10.32712933,10.55371758,Evening,Tuesday,76.09869925,59.31250922,66.63692342,30.18670377,2.0,Level 2,Commuter
User_639,BMW i3,62.0,Station_254,Houston,79.75044564,3.43346384,,12.67489617,Evening,Saturday,19.73375144,69.33144338,187.459457,29.39445354,3.0,DC Fast Charger,Commuter
User_640,Hyundai Kona,85.0,Station_188,Houston,66.89909636,2.769485464,39.32414111,17.09197469,Morning,Tuesday,22.59313605,75.40468289,227.4271614,-4.073387953,6.0,DC Fast Charger,Commuter
User_641,BMW i3,62.0,Station_329,Los Angeles,68.06928828,1.321177935,34.39817878,29.47225629,Morning,Monday,62.0644194,82.6938659,135.7250324,-4.992523665,1.0,Level 1,Commuter
User_643,Hyundai Kona,85.0,Station_271,Chicago,77.67782197,2.875962348,36.8837694,31.18668659,Morning,Saturday,18.74774586,92.78183121,169.2012301,16.71941918,5.0,Level 1,Commuter
User_648,Hyundai Kona,50.0,Station_330,Houston,62.42036137,2.50003528,29.9083034,8.075374255,Night,Thursday,119.0511075,50.38374048,263.5031195,23.66715836,0.0,DC Fast Charger,Casual Driver
User_650,Nissan Leaf,41.65658285,Station_333,Los Angeles,58.45788451,1.02038116,,37.03351585,Afternoon,Monday,30.09804154,76.86159546,73.79130119,20.69280347,7.0,Level 2,Casual Driver
User_651,Nissan Leaf,100.0,Station_169,New York,50.1626577,3.627355006,41.56617601,14.25426999,Morning,Monday,54.06032117,50.36291189,246.8353621,6.783882178,7.0,Level 1,Commuter
User_652,Nissan Leaf,100.0,Station_181,Los Angeles,76.06503881,3.724368519,5.490322577,8.832716318,Evening,Wednesday,15.22175989,83.98306137,233.2734068,10.67541015,1.0,DC Fast Charger,Long-Distance Traveler
User_653,Chevy Bolt,75.0,Station_366,New York,51.21630472,1.845050656,18.27526175,35.13982236,Evening,Thursday,89.52818266,56.59526966,54.83784077,14.46132552,5.0,Level 2,Long-Distance Traveler
User_655,Hyundai Kona,50.0,Station_143,New York,68.26902092,1.533486897,15.06055653,8.010477245,Afternoon,Monday,72.3273003,63.80347684,205.7080402,11.87244597,3.0,Level 1,Casual Driver
User_658,Nissan Leaf,75.0,Station_127,New York,59.15730847,2.866837149,19.10141709,20.11401486,Evening,Thursday,14.43359894,54.77336504,276.608932,34.32752406,3.0,Level 2,Casual Driver
User_659,Tesla Model 3,100.0,Station_263,New York,57.14555997,2.569753498,5.962444721,13.62721841,Morning,Wednesday,82.43318507,93.33593641,245.0546115,38.02009094,7.0,DC Fast Charger,Commuter
User_667,Hyundai Kona,75.0,Station_228,San Francisco,58.19728527,1.762047418,6.508745153,38.2962624,Evening,Sunday,25.84005874,83.11743201,221.2100282,19.90110939,5.0,DC Fast Charger,Casual Driver
User_668,Tesla Model 3,62.0,Station_341,San Francisco,65.2009372,2.952728388,22.57264065,9.017936694,Night,Sunday,13.9095967,77.57887512,214.9232585,15.03255201,7.197041544,DC Fast Charger,Casual Driver
User_669,Nissan Leaf,5.189529952,Station_198,Chicago,51.14211521,1.780954154,21.11803065,34.73970731,Afternoon,Tuesday,58.18936315,69.15772794,290.7658056,18.38760346,2.0,Level 2,Commuter
User_670,Tesla Model 3,50.0,Station_65,Houston,69.71594631,3.783098446,10.06309377,37.11929537,Evening,Saturday,20.4323108,79.5199883,205.7699162,-4.478051973,4.0,DC Fast Charger,Long-Distance Traveler
User_672,Tesla Model 3,50.0,Station_11,Houston,69.42235104,1.937366869,9.889820742,10.83495891,Evening,Monday,29.13398079,99.88715307,74.04370796,37.26821495,5.0,DC Fast Charger,Casual Driver
User_673,Hyundai Kona,50.0,Station_108,New York,78.98357945,2.904071459,37.47917296,32.75725728,Evening,Sunday,30.85532385,89.88889814,222.761718,9.56891468,0.0,DC Fast Charger,Commuter
User_675,Tesla Model 3,96.98923662,Station_445,Chicago,54.86000329,1.740904722,38.70203715,18.79158393,Morning,Tuesday,16.50464586,133.6294352,225.6350477,-7.668417861,0.0,DC Fast Charger,Casual Driver
User_677,Hyundai Kona,62.0,Station_151,Chicago,52.53257448,0.750034341,40.99044596,17.65431743,Night,Thursday,29.71940201,63.89916143,62.19603106,36.52061298,0.0,Level 2,Long-Distance Traveler
User_684,Nissan Leaf,85.0,Station_219,Chicago,53.10449365,1.858096664,12.62054715,40.31753047,Night,Thursday,33.66013578,52.83378327,74.38140222,14.12131822,6.0,Level 2,Casual Driver
User_686,Tesla Model 3,75.0,Station_424,Houston,51.20692409,1.288106025,9.977877022,24.57716644,Afternoon,Wednesday,67.38758549,59.75759843,178.1150993,12.32250456,5.0,Level 2,Commuter
User_689,Tesla Model 3,100.0,Station_123,New York,74.34970162,2.228619733,18.03449261,31.42153777,Evening,Friday,78.78459856,61.9953326,144.4372219,-8.059848674,1.0,Level 2,Long-Distance Traveler
User_690,Chevy Bolt,50.0,Station_144,Chicago,79.96222628,2.967779749,9.807729926,13.1499163,Afternoon,Friday,20.76017181,98.43286889,278.4756836,4.753258011,2.0,Level 2,Long-Distance Traveler
User_691,Hyundai Kona,100.0,Station_478,New York,57.23283445,1.389640352,30.94275331,5.663990127,Evening,Tuesday,22.44089942,63.15177111,36.00389596,0.830582909,4.0,Level 1,Commuter
User_695,Tesla Model 3,75.0,Station_104,Chicago,64.45081158,3.998843751,21.47178993,31.66782213,Morning,Friday,46.2204361,89.43899158,231.1922317,18.96695554,1.0,Level 1,Commuter
User_698,Nissan Leaf,62.0,Station_309,Chicago,79.26318452,0.620162599,27.64508955,27.60662109,Evening,Monday,80.47359964,81.06159952,108.9552568,17.19918125,7.0,Level 1,Commuter
User_705,Tesla Model 3,100.0,Station_256,Los Angeles,56.6575637,0.613208508,21.0697714,12.84652928,Night,Monday,84.61526142,88.99562893,151.9665087,17.36766172,0.0,Level 1,Casual Driver
User_709,Tesla Model 3,75.0,Station_9,Chicago,58.28185373,2.280942968,32.97650006,31.95299774,Afternoon,Sunday,34.45961554,84.48778808,205.3954702,26.12620097,5.489700152,Level 1,Commuter
User_719,Nissan Leaf,50.0,Station_482,New York,77.45749045,3.010517385,47.33304581,38.25663659,Afternoon,Sunday,63.57208978,68.75240395,273.697821,-3.042041816,1.0,DC Fast Charger,Long-Distance Traveler
User_722,Chevy Bolt,100.0,Station_333,New York,77.29578007,0.684295158,5.971664973,8.431094783,Afternoon,Tuesday,52.89673369,74.04912798,86.45685085,-8.892368363,5.0,DC Fast Charger,Long-Distance Traveler
User_724,BMW i3,50.0,Station_106,Houston,55.30273056,2.544566059,37.34746081,24.08202573,Morning,Thursday,71.91664638,88.37524194,106.9396474,30.18843916,1.0,Level 2,Commuter
User_726,Tesla Model 3,42.22396426,Station_368,San Francisco,62.6340099,1.306101364,37.57454771,18.4840398,Evening,Monday,69.88302901,89.70899824,38.61495715,1.195422059,1.0,Level 1,Commuter
User_730,Tesla Model 3,62.0,Station_42,New York,53.18988765,1.901457614,4.875602271,36.92869645,Night,Sunday,59.10391672,95.23017418,166.9817507,37.39510915,7.0,Level 1,Casual Driver
User_731,Hyundai Kona,62.0,Station_422,Los Angeles,63.97196694,1.981509709,41.34889745,10.34010605,Morning,Saturday,54.84308704,99.13049535,90.79486285,9.19251476,0.689886654,DC Fast Charger,Commuter
User_733,BMW i3,75.0,Station_181,New York,51.16176879,1.924572536,14.89835921,35.91280516,Afternoon,Friday,40.35911245,79.59600702,258.2896783,31.56317999,11.68859247,DC Fast Charger,Casual Driver
User_734,Nissan Leaf,75.0,Station_33,Houston,68.24465321,3.375570509,49.3612511,33.36036097,Evening,Wednesday,57.9079949,88.30938417,276.392588,14.82620373,2.0,Level 1,Long-Distance Traveler
User_735,Tesla Model 3,62.0,Station_71,New York,70.38483283,1.046620657,20.61960339,25.43714325,Evening,Monday,32.45935624,75.45762692,302.8524897,-6.497175363,6.0,DC Fast Charger,Long-Distance Traveler
User_736,Nissan Leaf,75.0,Station_56,San Francisco,56.55292752,2.621035258,4.340098532,38.84657689,Night,Saturday,29.26035319,88.25311989,12.02429409,10.51156168,6.0,Level 2,Long-Distance Traveler
User_738,BMW i3,62.0,Station_200,San Francisco,76.46827352,3.681183966,,37.05839297,Morning,Sunday,72.54621701,51.9158283,270.494936,38.64810001,6.0,DC Fast Charger,Casual Driver
User_741,Nissan Leaf,75.0,Station_307,Chicago,62.53761053,3.111666692,24.18785232,21.66319865,Evening,Wednesday,14.82380811,69.84305861,257.3131552,19.14983807,5.0,Level 2,Commuter
User_748,Chevy Bolt,62.0,Station_261,San Francisco,69.4391779,3.659591614,16.61338766,12.61264234,Evening,Tuesday,22.71259856,50.79879144,266.8298766,9.99423176,5.0,Level 2,Long-Distance Traveler
User_750,Chevy Bolt,81.36841583,Station_83,Houston,57.97765789,2.859080313,6.499187935,14.33823364,Evening,Thursday,58.308685,63.86610505,114.8832958,7.636850332,5.0,DC Fast Charger,Long-Distance Traveler
User_751,BMW i3,75.0,Station_182,Houston,74.10752218,2.224661484,45.69740275,14.75800919,Evening,Wednesday,72.90390529,51.69102216,177.2088872,3.262503248,3.0,Level 2,Casual Driver
User_755,Chevy Bolt,62.0,Station_4,Chicago,68.26093768,2.413579318,33.64483514,17.03441064,Morning,Tuesday,46.37700489,88.38593824,,-9.542573214,7.0,DC Fast Charger,Long-Distance Traveler
User_756,Chevy Bolt,50.0,Station_351,San Francisco,73.50597036,1.83590907,30.93142779,31.84900964,Afternoon,Thursday,60.77484915,63.56658133,246.2875148,2.315261221,2.0,Level 1,Commuter
User_757,Hyundai Kona,75.0,Station_402,New York,73.8693626,1.196800143,26.08697308,5.644054414,Morning,Friday,80.69801216,88.20526203,180.4546021,21.29459053,4.0,Level 2,Long-Distance Traveler
User_758,Nissan Leaf,50.0,Station_336,Houston,64.37713244,2.314860017,15.2565692,8.811798669,Afternoon,Monday,15.58695625,98.80776451,199.7584008,25.40739976,3.0,Level 2,Long-Distance Traveler
User_762,Chevy Bolt,85.0,Station_215,New York,76.58011324,2.678096541,41.12251368,21.31685318,Morning,Tuesday,31.36258702,93.56342614,233.2120578,14.08667639,1.0,Level 2,Long-Distance Traveler
User_763,Hyundai Kona,50.0,Station_460,New York,74.13419248,2.186374674,47.81692136,11.34921504,Evening,Sunday,71.9042665,99.36473575,151.065703,18.23757818,6.0,Level 1,Long-Distance Traveler
User_764,Hyundai Kona,100.0,Station_98,San Francisco,73.80921664,2.36986948,10.5759383,5.307741456,Afternoon,Sunday,53.17181764,92.16041892,126.3959626,25.04490616,4.0,DC Fast Charger,Casual Driver
User_769,Hyundai Kona,75.0,Station_61,Chicago,53.71493233,1.692367291,23.72699961,30.14366714,Night,Saturday,15.89992391,58.1687787,,-6.369328432,7.0,Level 1,Commuter
User_775,Nissan Leaf,50.0,Station_121,New York,54.4865632,1.609548654,,11.30078074,Night,Saturday,67.90525355,54.63726637,71.13255185,4.670505369,1.0,Level 2,Long-Distance Traveler
User_779,Chevy Bolt,50.0,Station_260,Houston,73.37136541,3.022632764,45.50795122,11.86812162,Afternoon,Wednesday,62.52618043,62.34091279,180.4524866,7.723424435,4.0,Level 1,Commuter
User_780,Tesla Model 3,75.0,Station_349,Los Angeles,75.62261391,3.7388535,37.17557076,17.79796611,Morning,Saturday,87.24599838,76.1744054,75.653217,6.211204219,6.0,Level 1,Commuter
User_784,Chevy Bolt,50.0,Station_434,San Francisco,52.18352149,2.880199062,37.91246435,12.9951544,Evening,Thursday,12.05856984,75.35885804,259.5688456,-2.664000293,3.0,DC Fast Charger,Casual Driver
User_789,Tesla Model 3,85.0,Station_76,Los Angeles,67.90283934,0.835318745,41.0670411,25.57013992,Evening,Saturday,45.58232566,87.80206969,120.3675121,25.58518973,1.0,Level 1,Long-Distance Traveler
User_791,Chevy Bolt,62.0,Station_69,San Francisco,62.61550759,1.8150454,19.79464959,16.78765405,Evening,Saturday,84.03426142,92.43627852,209.6266218,21.45363164,3.0,Level 2,Commuter
User_794,Nissan Leaf,75.0,Station_1,Chicago,74.82644569,1.398582211,43.13328346,26.21871804,Evening,Sunday,23.7259955,53.81369932,238.7435607,30.95596894,3.043569798,Level 2,Long-Distance Traveler
User_796,Nissan Leaf,75.0,Station_352,Los Angeles,78.89524911,1.225895512,30.74927682,7.260289754,Morning,Sunday,62.08764645,80.77137882,73.61394812,16.52085958,4.0,Level 2,Long-Distance Traveler
User_799,Chevy Bolt,50.0,Station_368,New York,59.92281442,3.75321648,30.42944813,14.11772572,Night,Wednesday,41.64275169,95.00695843,239.158239,7.177322498,7.0,Level 2,Commuter
User_809,Tesla Model 3,75.0,Station_49,San Francisco,70.1713546,3.827945832,12.96252218,13.92100754,Evening,Wednesday,11.95265429,52.68266544,155.7250711,1.496106621,3.286324572,Level 2,Casual Driver
User_811,BMW i3,85.0,Station_294,Chicago,77.86131613,0.706536646,30.14418744,37.13040463,Evening,Saturday,63.10434295,66.61241346,20.6556778,0.786534417,0.0,Level 1,Long-Distance Traveler
User_817,Tesla Model 3,100.0,Station_457,Houston,53.64842443,3.408542212,47.29035525,14.66503914,Evening,Saturday,21.45527057,98.16391585,292.8722924,12.02562263,2.0,DC Fast Charger,Commuter
User_819,Hyundai Kona,100.0,Station_199,San Francisco,71.16250434,1.202607322,44.74486265,23.70127505,Afternoon,Thursday,48.96354396,92.5723725,287.0639798,3.706865682,3.73405531,Level 1,Casual Driver
User_821,Tesla Model 3,47.59576449,Station_386,Chicago,58.91061762,2.283296446,23.37959846,9.749992695,Evening,Thursday,30.45137839,52.11796213,138.8827901,-8.603112051,1.0,Level 1,Casual Driver
User_824,Chevy Bolt,50.0,Station_232,Chicago,64.0437727,0.530419323,46.35165386,38.26495024,Night,Wednesday,10.96041067,99.44437858,200.6427913,29.87608955,0.0,Level 2,Long-Distance Traveler
User_825,Tesla Model 3,100.0,Station_247,Chicago,56.04529026,2.492111769,19.01024308,13.46637064,Evening,Wednesday,37.92406569,97.56418981,,12.43676472,7.0,Level 1,Commuter
User_827,Nissan Leaf,100.0,Station_479,San Francisco,72.79850068,3.675364742,15.44209121,19.06124363,Evening,Wednesday,85.32324,90.16605635,172.5314754,24.18212152,5.0,Level 2,Casual Driver
User_828,BMW i3,85.0,Station_239,Los Angeles,67.88757428,1.945335136,30.12670191,9.410223532,Night,Monday,32.61214548,58.44410433,249.5432916,16.00548864,3.0,Level 2,Long-Distance Traveler
User_831,BMW i3,100.0,Station_168,Chicago,54.91320566,2.040456464,7.600372848,32.21803368,Evening,Friday,40.23472851,86.3004022,57.95464278,2.76550169,1.0,DC Fast Charger,Casual Driver
User_832,Chevy Bolt,75.0,Station_48,Los Angeles,51.023353,3.034842754,45.80149944,39.1307183,Afternoon,Sunday,50.76235573,61.77403978,270.6192959,11.00799487,1.0,Level 1,Casual Driver
User_833,Nissan Leaf,12.03333697,Station_51,San Francisco,62.63359253,0.668854431,9.03850711,17.68230665,Evening,Saturday,14.33606471,94.93985971,288.5503554,47.31817615,0.0,DC Fast Charger,Casual Driver
User_836,BMW i3,140.7620616,Station_439,Houston,60.08034819,2.078305128,46.15424524,17.11106784,Night,Tuesday,37.69074851,93.80110629,221.8967779,-10.72476975,6.0,DC Fast Charger,Long-Distance Traveler
User_838,Nissan Leaf,50.0,Station_177,Los Angeles,58.55989952,2.339015101,18.57688688,9.835438648,Morning,Sunday,52.12787441,62.52119439,70.40128973,-2.275689474,7.0,Level 2,Commuter
User_841,Hyundai Kona,75.0,Station_80,New York,61.12076152,0.863122986,,29.08311231,Evening,Tuesday,68.06172182,73.86836769,95.80916359,1.520578531,7.0,Level 1,Long-Distance Traveler
User_843,Tesla Model 3,100.0,Station_367,San Francisco,60.70480471,3.072487534,8.364823051,38.66687047,Evening,Thursday,51.67016366,69.68809606,156.638375,50.54394309,6.0,Level 1,Commuter
User_845,Hyundai Kona,75.0,Station_399,Chicago,77.2613209,2.937547732,,28.10453406,Night,Sunday,52.1989103,54.65266515,128.6260606,18.92055755,1.0,DC Fast Charger,Casual Driver
User_847,BMW i3,75.0,Station_452,Houston,61.56734925,3.710275408,41.31627182,8.42112691,Evening,Saturday,17.25267949,58.87841174,279.5167461,-2.209581899,1.0,Level 1,Long-Distance Traveler
User_849,Tesla Model 3,62.0,Station_448,San Francisco,73.07614589,5.945571288,8.455838522,37.44777918,Afternoon,Sunday,36.79452424,95.09040687,228.3193863,-0.413483163,2.0,DC Fast Charger,Commuter
User_852,Hyundai Kona,96.60872071,Station_414,Los Angeles,56.51645588,3.003171547,47.82948046,38.13296108,Evening,Friday,58.10937415,83.74438408,31.19525629,69.48593769,0.0,Level 1,Casual Driver
User_854,Nissan Leaf,85.0,Station_195,San Francisco,76.44990711,2.272736337,20.55231728,11.34611166,Evening,Wednesday,18.76139936,62.33419327,42.62028889,32.6079642,3.0,DC Fast Charger,Long-Distance Traveler
User_855,BMW i3,62.0,Station_214,Houston,51.49234638,3.911579304,35.21951804,21.37952636,Night,Tuesday,62.12237483,81.29379863,32.48464488,-4.123444525,5.0,Level 1,Long-Distance Traveler
User_856,BMW i3,100.0,Station_369,Chicago,55.78259573,1.279709491,5.592196058,8.048298781,Night,Wednesday,50.33758929,86.23333848,50.90541789,15.8067718,1.0,Level 1,Casual Driver
User_857,Chevy Bolt,62.0,Station_342,Chicago,67.7766598,5.211612226,9.801243016,38.00070015,Evening,Thursday,79.16930919,75.98571454,28.58247301,-10.65967953,2.0,Level 1,Commuter
User_862,Nissan Leaf,53.97365866,Station_76,Chicago,65.12042575,2.426058377,12.30972507,14.95614055,Morning,Friday,10.42770632,107.093968,256.2076931,16.40382733,7.0,DC Fast Charger,Commuter
User_863,Chevy Bolt,50.0,Station_311,Chicago,64.00002117,3.445621811,30.22669453,29.52794615,Night,Thursday,25.46153815,89.74197874,220.6375757,38.35167543,0.0,DC Fast Charger,Casual Driver
User_867,BMW i3,62.0,Station_351,San Francisco,74.93688348,1.504510869,14.43474941,38.30264742,Afternoon,Friday,58.89235922,55.65778914,21.99550224,27.27523924,4.0,Level 2,Casual Driver
User_869,Nissan Leaf,62.0,Station_415,Houston,51.20288963,1.447056636,45.19091647,39.19681508,Afternoon,Friday,75.55734012,56.56750424,129.4897567,15.64840423,0.0,DC Fast Charger,Commuter
User_870,BMW i3,85.0,Station_186,Los Angeles,54.88496451,3.036137885,15.01420906,31.99328333,Morning,Tuesday,88.50789737,94.47219864,139.543533,2.590517523,5.0,Level 2,Casual Driver
User_871,Chevy Bolt,85.0,Station_343,Los Angeles,50.61599543,3.760700462,34.85455501,28.05083134,Evening,Wednesday,21.38391974,58.16782559,,-7.012450425,0.0,Level 2,Commuter
User_872,BMW i3,100.0,Station_246,New York,55.65533279,1.678974989,30.40482982,31.64424984,Evening,Friday,11.01254162,59.8165112,179.4317143,16.05279843,2.0,Level 1,Long-Distance Traveler
User_874,BMW i3,85.0,Station_84,New York,72.95818105,2.917826685,29.99045483,20.51806392,Afternoon,Sunday,40.21207607,62.269598,256.2701113,12.98738853,3.0,Level 1,Long-Distance Traveler
User_875,Tesla Model 3,62.0,Station_207,New York,58.11274414,2.572225077,43.4773024,36.43538614,Morning,Thursday,74.63709319,59.82731321,293.1202476,24.13446895,3.0,Level 2,Commuter
User_876,BMW i3,62.0,Station_151,San Francisco,56.52037668,2.296980268,12.8885881,9.434171312,Afternoon,Tuesday,31.16795633,68.26436301,114.1895795,19.10315318,1.0,DC Fast Charger,Casual Driver
User_880,Chevy Bolt,62.0,Station_405,Chicago,51.08539267,0.949756103,25.83848785,7.181392583,Morning,Sunday,44.70187213,82.6285391,121.4352927,16.95309452,0.0,DC Fast Charger,Long-Distance Traveler
User_882,Hyundai Kona,62.0,Station_145,Houston,77.45420996,3.308261928,29.41340669,5.691471522,Afternoon,Tuesday,80.65255109,90.08739344,238.8650098,2.24905517,4.0,Level 1,Long-Distance Traveler
User_883,Chevy Bolt,62.0,Station_498,Los Angeles,68.21934426,0.886450381,14.88435406,17.26707379,Evening,Tuesday,38.03890271,62.46309786,221.378324,1.815080516,4.0,Level 1,Casual Driver
User_884,Chevy Bolt,100.0,Station_37,Los Angeles,57.67538256,2.879571205,46.31316025,33.67417017,Afternoon,Friday,67.4595416,64.97948546,124.0786461,3.261647704,0.0,Level 2,Long-Distance Traveler
User_886,Nissan Leaf,100.0,Station_403,New York,78.16770975,2.128475002,48.99622284,37.74488598,Evening,Thursday,37.68136594,72.04893139,214.6210024,-4.136631723,1.0,DC Fast Charger,Long-Distance Traveler
User_887,Nissan Leaf,85.0,Station_414,Chicago,76.95348908,3.443237131,36.81073004,35.72732643,Evening,Tuesday,66.79198382,76.50410671,36.39737625,9.262327034,7.0,Level 1,Commuter
User_888,Hyundai Kona,50.0,Station_45,Chicago,62.74942109,2.073324104,15.83620241,33.00898378,Evening,Saturday,102.5758268,80.98016602,,8.273267248,1.0,Level 2,Commuter
User_890,BMW i3,100.0,Station_206,San Francisco,51.73713153,1.3552853,26.69194666,16.05186457,Evening,Sunday,42.49267919,93.29904645,252.936759,15.61240154,3.0,DC Fast Charger,Casual Driver
User_892,Hyundai Kona,85.0,Station_420,Los Angeles,71.95569072,1.655743179,39.21578543,26.30986376,Night,Thursday,30.70091781,98.23729457,263.0610041,12.97024971,7.0,Level 2,Long-Distance Traveler
User_895,Tesla Model 3,75.0,Station_308,San Francisco,73.6065426,1.375724875,26.08789211,25.48078153,Afternoon,Sunday,65.81804152,65.55495934,,-0.77903366,1.0,DC Fast Charger,Commuter
User_898,Tesla Model 3,62.0,Station_300,Chicago,60.718154,2.194160566,18.49490675,20.47269757,Night,Sunday,35.2671811,59.63373278,84.02663482,2.394315699,0.0,Level 2,Casual Driver
User_899,Tesla Model 3,50.0,Station_7,Chicago,79.27808222,3.894780237,21.2800086,38.07334631,Evening,Thursday,69.2731569,57.6383372,11.60122874,38.02654086,2.0,Level 1,Casual Driver
User_902,Tesla Model 3,85.0,Station_117,Chicago,50.92256839,2.74506507,43.40930151,30.00753824,Night,Friday,15.91426919,82.34479584,120.8847837,12.4626365,4.0,DC Fast Charger,Commuter
User_903,Hyundai Kona,100.0,Station_68,Chicago,58.92443565,2.201157761,33.52721537,18.00718344,Morning,Wednesday,40.21147093,58.32742249,95.64435152,4.837412072,2.0,Level 2,Commuter
User_909,Tesla Model 3,100.0,Station_480,Chicago,50.51448559,2.228729259,19.08649474,11.06019964,Night,Monday,12.87037454,50.66155354,121.0998381,29.29279181,2.0,Level 1,Commuter
User_914,Tesla Model 3,50.0,Station_453,Los Angeles,55.17152826,2.285793895,8.403361702,10.73005935,Evening,Tuesday,40.12482652,67.16138764,186.4198892,34.58604379,7.0,Level 1,Commuter
User_915,BMW i3,101.0231992,Station_378,Los Angeles,152.238758,0.71029805,36.09228626,32.58754885,Night,Friday,13.79579799,58.93209953,145.161704,39.54195636,5.0,DC Fast Charger,Commuter
User_916,Hyundai Kona,85.0,Station_394,Chicago,60.28854286,1.853153432,51.36359325,34.58591235,Evening,Wednesday,78.95924905,69.4823754,113.3580577,41.89130689,4.0,Level 2,Commuter
User_920,BMW i3,75.0,Station_444,Chicago,51.8912794,1.854179252,29.90089219,13.04850845,Night,Saturday,15.75162724,57.05048211,74.53081531,33.35723143,3.0,Level 1,Casual Driver
User_922,Hyundai Kona,75.0,Station_179,Chicago,73.62743176,0.962344406,40.5358377,27.40211497,Afternoon,Monday,25.59711713,50.35637514,,19.80134393,2.797165053,Level 2,Commuter
User_924,Hyundai Kona,62.0,Station_392,New York,69.1059599,1.257151396,27.3813492,20.79235501,Afternoon,Thursday,20.56925155,63.35465061,217.3059416,41.34107902,7.0,DC Fast Charger,Commuter
User_940,Tesla Model 3,7.451954887,Station_479,Chicago,78.93551158,2.757861218,16.97605156,7.874398362,Afternoon,Tuesday,21.52681288,54.85928878,135.6092115,-9.442146081,2.061484459,Level 1,Long-Distance Traveler
User_941,Nissan Leaf,50.0,Station_308,Houston,58.74152298,2.91425797,19.94270235,20.60863906,Night,Wednesday,19.42640523,59.51725759,46.37042316,-0.00429831,6.0,DC Fast Charger,Long-Distance Traveler
User_942,Hyundai Kona,62.0,Station_445,San Francisco,68.83331194,1.623547054,,39.37776033,Night,Friday,19.28855359,58.56785095,137.2349719,32.80088284,6.0,Level 2,Commuter
User_943,Chevy Bolt,75.0,Station_296,Chicago,59.21757556,1.602750693,41.42637793,33.59882883,Night,Sunday,42.29926372,56.84009904,222.964123,20.42209326,7.0,Level 2,Commuter
User_945,Chevy Bolt,62.0,Station_171,Los Angeles,56.06964025,3.590900005,47.96329396,37.30963118,Morning,Monday,38.27039095,40.62863808,219.2441197,-5.191914818,4.0,Level 2,Commuter
User_946,Chevy Bolt,62.0,Station_63,Chicago,78.23675255,3.816622734,16.39416621,17.72838397,Evening,Monday,75.6757726,85.29499056,46.83751017,37.8797808,6.0,Level 2,Long-Distance Traveler
User_949,Hyundai Kona,50.0,Station_306,San Francisco,70.0973335,3.616929021,11.6813624,15.91825032,Evening,Thursday,55.56943741,60.11586883,165.1411876,-5.445961361,4.794491817,Level 2,Casual Driver
User_950,Tesla Model 3,100.0,Station_161,San Francisco,55.40858451,3.843501686,29.59830267,33.46392329,Morning,Wednesday,16.38207402,86.67837613,125.62406,5.184691379,7.0,Level 1,Casual Driver
User_952,Chevy Bolt,50.0,Station_334,Los Angeles,53.57520171,0.834374633,27.32839836,37.02202644,Evening,Tuesday,18.3342458,83.75053463,273.119112,5.569659041,0.0,Level 1,Long-Distance Traveler
User_959,Chevy Bolt,100.0,Station_378,New York,74.18267083,1.066837406,19.43713227,22.26176803,Morning,Wednesday,76.20017926,93.64562571,119.3413606,26.65356851,6.377300139,DC Fast Charger,Casual Driver
User_960,Tesla Model 3,100.0,Station_108,Houston,72.08924277,2.496163492,7.494575511,20.28862372,Night,Friday,22.9005078,94.20825519,87.67871773,3.927031788,4.0,Level 1,Long-Distance Traveler
User_962,Nissan Leaf,85.0,Station_95,New York,58.50930203,1.608912844,19.89667189,30.09365955,Afternoon,Wednesday,74.91089789,80.22706133,111.4645267,21.77882687,4.0,Level 2,Casual Driver
User_963,Nissan Leaf,85.0,Station_262,Chicago,76.57770217,1.809598828,28.35948935,9.014286224,Night,Friday,68.52902555,65.88306143,196.799995,28.21004844,2.0,Level 1,Commuter
User_965,Chevy Bolt,100.0,Station_385,New York,63.43204575,2.746877936,18.59404896,19.84916523,Afternoon,Wednesday,81.91585485,90.0600705,,-0.699688353,6.0,DC Fast Charger,Commuter
User_967,Tesla Model 3,62.0,Station_442,San Francisco,65.03081469,2.243740903,38.77562001,22.15968713,Morning,Monday,61.33155977,66.03455228,185.220487,-4.851715656,3.0,Level 2,Casual Driver
User_969,BMW i3,100.0,Station_21,Chicago,79.35737687,3.365992363,12.79554278,17.50476255,Evening,Wednesday,28.92874741,89.16066922,222.1589864,24.91042482,7.0,DC Fast Charger,Commuter
User_970,Hyundai Kona,62.0,Station_92,San Francisco,76.66382798,4.189681044,14.22515405,37.12866932,Evening,Sunday,35.73213906,84.3279132,284.2852963,26.59631788,0.0,Level 1,Casual Driver
User_971,BMW i3,50.0,Station_127,San Francisco,54.31762293,3.678719663,34.08989661,34.42250307,Evening,Monday,11.5730072,82.60183017,119.0242608,-4.19726906,5.0,DC Fast Charger,Long-Distance Traveler
User_974,Hyundai Kona,100.0,Station_238,San Francisco,60.38629791,3.460259634,8.658326062,25.99392993,Morning,Saturday,64.07772203,83.38433429,225.1572218,22.61348345,6.0,Level 2,Casual Driver
User_977,Hyundai Kona,101.8798727,Station_404,San Francisco,53.39896875,3.243942078,40.57558755,21.94185917,Night,Monday,33.82915898,95.04055605,145.8490682,27.89850262,4.186588285,Level 1,Commuter
User_978,Nissan Leaf,62.0,Station_486,San Francisco,73.45257578,3.64455937,15.41579306,14.88902023,Evening,Wednesday,17.42898675,87.44489783,183.9880529,37.3068083,4.0,Level 1,Long-Distance Traveler
User_979,Chevy Bolt,62.0,Station_182,Houston,75.52338507,3.32691717,24.8909192,10.10258123,Afternoon,Monday,82.5448484,70.70118042,125.5393819,0.5816117,2.0,DC Fast Charger,Long-Distance Traveler
User_981,Chevy Bolt,50.0,Station_156,Los Angeles,65.03863434,3.458508378,25.89338081,6.822729504,Night,Friday,20.32231175,72.49386584,229.846932,20.22793788,7.0,Level 2,Casual Driver
User_982,BMW i3,85.0,Station_5,San Francisco,63.99117023,3.273705978,42.3932771,34.00850465,Afternoon,Sunday,38.32835573,77.07377878,191.766552,21.30411003,6.0,DC Fast Charger,Commuter
User_983,BMW i3,104.0002731,Station_120,Los Angeles,65.93421331,3.30345054,38.53754361,11.90206996,Afternoon,Tuesday,19.68030005,54.40708656,38.46487945,-9.603661067,7.0,Level 2,Commuter
User_986,Chevy Bolt,100.0,Station_431,San Francisco,73.78086491,3.805232292,46.80571252,13.46596268,Night,Friday,87.31853272,50.13370089,16.72674785,36.67096558,6.0,Level 1,Long-Distance Traveler
User_988,BMW i3,100.0,Station_57,Houston,77.63851677,3.577530943,8.125454971,33.52441776,Morning,Saturday,23.24454737,94.69156133,67.03337523,-3.386293111,7.0,Level 2,Commuter
User_989,Chevy Bolt,100.0,Station_93,San Francisco,78.13016919,3.370768046,3.984866071,9.48731332,Evening,Sunday,57.11198524,66.24176289,115.0028146,13.29560814,10.63457441,Level 1,Casual Driver
User_993,BMW i3,75.0,Station_193,Houston,53.9569817,3.737052894,17.87474459,14.88744926,Night,Monday,89.97564875,95.03577021,17.09446172,6.800062382,2.0,Level 2,Long-Distance Traveler
User_994,Nissan Leaf,62.0,Station_237,New York,60.61379392,3.074673422,20.91795172,12.50819555,Afternoon,Tuesday,54.46997535,78.5105153,103.5093666,32.52462891,4.0,DC Fast Charger,Commuter
User_995,Hyundai Kona,75.0,Station_387,Los Angeles,63.30842212,3.804828964,6.452270809,25.09427328,Night,Wednesday,84.99521399,59.29101878,170.1479703,27.57669556,5.0,Level 1,Long-Distance Traveler
User_997,Tesla Model 3,62.0,Station_277,Chicago,65.60582508,3.942321824,7.330086293,21.66331257,Morning,Monday,17.40998397,91.2962282,81.04832192,1.847370552,5.0,DC Fast Charger,Casual Driver
User_1001,BMW i3,62.0,Station_323,Chicago,54.36218574,1.925077717,36.36127863,26.47870818,Morning,Saturday,46.38733767,77.34027871,294.4762264,31.47819368,7.0,Level 2,Casual Driver
User_1005,Hyundai Kona,85.0,Station_486,New York,76.17330081,1.506099897,28.58745278,17.68377082,Afternoon,Monday,56.06768463,93.03849524,369.8535236,18.04509607,0.0,DC Fast Charger,Casual Driver
User_1009,BMW i3,50.0,Station_436,Houston,62.04623037,0.922764651,18.56265579,37.5475732,Afternoon,Sunday,88.3912258,77.93392383,43.02786515,-0.966443591,5.0,DC Fast Charger,Casual Driver
User_1010,Nissan Leaf,50.0,Station_172,New York,69.87454798,2.014628042,16.51045962,6.585619842,Morning,Saturday,40.28184348,72.00903872,245.0759176,2.773001448,4.0,Level 2,Casual Driver
User_1013,Hyundai Kona,50.0,Station_469,Los Angeles,53.20639355,3.949096249,47.6337105,33.42375184,Night,Saturday,82.90492657,91.60329877,146.6815117,11.39372419,2.0,Level 1,Long-Distance Traveler
User_1016,Tesla Model 3,62.0,Station_368,Los Angeles,68.51919497,2.362047175,48.58917821,33.00482798,Afternoon,Sunday,68.45975335,92.96713397,77.70809038,-2.269679113,2.0,Level 2,Long-Distance Traveler
User_1017,Hyundai Kona,100.0,Station_471,Houston,71.70850688,5.444091596,38.79607655,37.09584883,Afternoon,Saturday,12.2234232,77.41334734,181.0891261,2.616126227,7.0,Level 1,Casual Driver
User_1018,Hyundai Kona,50.0,Station_198,Chicago,79.24854612,1.773718519,33.00513138,13.89096924,Morning,Friday,51.37788921,73.60900224,252.8396285,12.53619017,0.814314492,Level 1,Casual Driver
User_1020,BMW i3,86.09247991,Station_373,New York,66.70625111,2.834311568,25.29064495,9.156859453,Afternoon,Monday,44.01342984,99.68968983,142.0756472,31.48873207,6.0,Level 1,Casual Driver
User_1031,Hyundai Kona,100.0,Station_191,Los Angeles,56.19836617,0.182479567,40.72369853,19.62083618,Morning,Sunday,56.02945617,65.41417062,39.67918933,34.05934132,1.0,Level 2,Casual Driver
User_1032,Nissan Leaf,85.0,Station_42,Chicago,73.27597597,1.487210878,23.3245731,23.61457792,Morning,Monday,78.60317583,21.88022094,,31.14774377,7.0,Level 2,Long-Distance Traveler
User_1033,Tesla Model 3,100.0,Station_42,New York,76.8924001,7.635144759,10.44614576,39.79452835,Night,Friday,7.174271255,101.844422,226.3948948,32.88270217,2.0,Level 1,Casual Driver
User_1035,BMW i3,50.0,Station_276,Chicago,50.48944003,0.720143902,42.78738815,15.83807579,Afternoon,Sunday,65.93591222,62.63636323,221.5917884,29.59518796,0.0,Level 1,Commuter
User_1036,Tesla Model 3,60.65969098,Station_329,Houston,66.09153403,1.272887206,37.60056306,14.80646804,Evening,Tuesday,42.30136724,70.72631713,167.6635291,9.953924429,1.719888608,Level 2,Casual Driver
User_1039,Nissan Leaf,85.0,Station_431,Chicago,61.03806279,1.993768396,41.54944192,35.55107475,Afternoon,Tuesday,33.06564163,56.79590135,95.52858246,27.05552815,5.0,DC Fast Charger,Casual Driver
User_1040,Nissan Leaf,85.0,Station_258,New York,64.22961964,2.129584267,18.16262903,14.83104278,Night,Friday,83.32298245,83.79553659,171.2240954,14.38609316,2.0,Level 2,Long-Distance Traveler
User_1042,Nissan Leaf,100.0,Station_62,Houston,58.94085857,3.205348493,43.7022121,37.33339445,Night,Saturday,82.3603313,92.03577294,81.18290074,19.45757653,6.0,Level 2,Long-Distance Traveler
User_1046,Chevy Bolt,75.0,Station_325,Houston,69.59647496,2.339041996,14.86068898,38.12949571,Afternoon,Tuesday,60.63891762,73.00925296,288.9795541,73.16958797,6.0,DC Fast Charger,Long-Distance Traveler
User_1052,Hyundai Kona,62.0,Station_455,Chicago,57.927466,1.715470322,,31.53614328,Evening,Sunday,67.64590144,78.30737957,59.42702468,34.65741815,5.0,Level 2,Commuter
User_1058,BMW i3,75.0,Station_388,San Francisco,53.71328701,0.891460803,18.62297647,29.02733721,Afternoon,Tuesday,49.92314429,56.18148263,36.42403857,23.7636599,4.0,Level 2,Commuter
User_1059,Nissan Leaf,55.81669376,Station_486,San Francisco,66.40550757,3.02669269,39.85618959,35.47430758,Evening,Thursday,15.55736235,78.84999628,61.61189403,33.78521651,0.0,Level 2,Casual Driver
User_1061,Tesla Model 3,100.0,Station_197,Los Angeles,75.5709645,2.574452232,21.51246492,5.985014837,Afternoon,Friday,32.74760816,57.68229025,281.3132044,13.41284737,4.0,Level 2,Commuter
User_1066,BMW i3,62.0,Station_285,San Francisco,69.21096127,2.286994124,28.75662025,5.550899029,Night,Saturday,27.766056,55.46322428,66.20030824,11.88893396,5.0,Level 1,Casual Driver
User_1076,Tesla Model 3,100.0,Station_211,Chicago,54.96447202,3.522937607,41.40704557,38.77291672,Morning,Friday,19.82642791,92.77652025,141.4683096,39.53379889,3.0,Level 2,Long-Distance Traveler
User_1077,Hyundai Kona,50.0,Station_268,San Francisco,74.7858194,1.678513518,36.55346728,31.30213529,Afternoon,Tuesday,37.3671233,98.55545615,245.5974515,21.37928832,7.0,DC Fast Charger,Commuter
User_1079,Chevy Bolt,75.0,Station_17,Chicago,69.13309025,3.007672884,10.70555783,17.38741683,Morning,Tuesday,28.90301664,78.3486222,91.55117127,3.442904171,2.0,Level 2,Casual Driver
User_1084,Nissan Leaf,85.0,Station_279,Houston,68.56767861,1.558203166,16.475471,24.53486846,Afternoon,Saturday,68.27370384,93.5739471,92.04491203,-9.831678296,2.0,Level 1,Casual Driver
User_1092,Chevy Bolt,75.0,Station_412,Los Angeles,59.79776909,2.122151383,14.56492942,22.93421502,Morning,Saturday,28.18918546,96.02650743,276.2253768,-0.635147614,4.0,Level 2,Long-Distance Traveler
User_1093,Nissan Leaf,75.0,Station_408,Houston,59.76831247,3.253943971,35.05498942,39.29790891,Evening,Monday,81.95499699,59.94650611,166.3327651,18.16464336,2.0,Level 2,Long-Distance Traveler
User_1098,Tesla Model 3,85.0,Station_211,New York,57.8962718,1.733814614,10.41164634,23.08515639,Morning,Sunday,53.19306375,96.33954228,101.5541016,23.90632005,5.0,Level 2,Commuter
User_1107,Tesla Model 3,75.0,Station_10,Chicago,67.45812734,0.873292744,17.88555932,29.51862405,Morning,Friday,58.36277009,83.42106852,93.34872262,24.41574986,4.0,DC Fast Charger,Commuter
User_1109,Chevy Bolt,85.0,Station_379,Chicago,61.2314659,2.331310348,9.142503298,38.66270263,Afternoon,Thursday,53.2402884,85.77640672,13.79446113,38.9638634,7.0,Level 2,Casual Driver
User_1115,Chevy Bolt,100.0,Station_342,Houston,56.1150925,1.05741593,5.488039505,16.3478361,Morning,Wednesday,22.3498793,80.08848452,81.9684014,36.59253901,7.0,Level 1,Commuter
User_1120,Nissan Leaf,62.0,Station_27,Houston,90.23550358,1.285990167,4.841450613,35.02884819,Afternoon,Saturday,70.55201083,50.51807735,102.7551583,36.3683292,1.0,Level 1,Long-Distance Traveler
User_1122,Tesla Model 3,50.0,Station_18,Chicago,59.19854015,3.404728095,10.55360588,7.034850999,Afternoon,Saturday,32.90161478,90.23527141,286.8165204,2.483073707,6.0,Level 1,Casual Driver
User_1125,Hyundai Kona,50.0,Station_477,San Francisco,75.09027362,1.849418005,12.37449399,6.123307927,Afternoon,Thursday,61.92829079,50.51275747,150.2600995,23.9819183,3.0,DC Fast Charger,Long-Distance Traveler
User_1128,Hyundai Kona,62.0,Station_72,Houston,79.97267191,1.157943552,37.46218915,8.471445141,Morning,Sunday,75.82897475,67.97645022,117.6978933,16.05241314,5.0,Level 1,Casual Driver
User_1130,Nissan Leaf,75.0,Station_479,Los Angeles,55.09525584,1.289438988,45.21062994,8.631878816,Evening,Sunday,54.16347655,56.69621756,100.8403906,3.287417875,3.0,Level 1,Commuter
User_1133,Hyundai Kona,100.0,Station_327,San Francisco,55.1998384,1.701117355,26.97034259,13.32259474,Afternoon,Tuesday,28.68722066,81.11188792,,15.30316247,6.0,Level 2,Casual Driver
User_1134,BMW i3,75.0,Station_420,New York,72.31121636,0.945380179,34.26166815,23.89374911,Afternoon,Saturday,59.49110801,92.31293061,54.13870978,8.41258161,0.0,Level 1,Casual Driver
User_1136,Nissan Leaf,62.0,Station_38,Los Angeles,55.37495429,3.136208978,18.05023749,8.623498537,Afternoon,Monday,57.06950066,92.42038994,270.0365183,-2.642243391,2.0,DC Fast Charger,Long-Distance Traveler
User_1138,Chevy Bolt,85.0,Station_393,San Francisco,53.35952018,3.383070446,11.31413119,23.05786523,Afternoon,Saturday,29.87716838,95.53543665,,3.507413685,0.0,Level 2,Commuter
User_1139,BMW i3,62.0,Station_201,Chicago,76.03768938,2.197050161,14.89290278,14.95695677,Night,Saturday,87.91245387,67.04978614,259.7179827,23.18945599,4.0,DC Fast Charger,Long-Distance Traveler
User_1143,Tesla Model 3,62.0,Station_179,San Francisco,76.16478844,2.475410239,32.55745823,26.76560963,Evening,Friday,24.92849741,79.55761465,82.9998087,38.50327216,4.0,Level 2,Long-Distance Traveler
User_1144,Nissan Leaf,75.0,Station_35,Houston,59.16864336,2.765621657,15.22251353,18.81699477,Afternoon,Thursday,50.51010597,68.59776437,156.8102394,29.06368772,1.0,DC Fast Charger,Long-Distance Traveler
User_1146,BMW i3,62.0,Station_389,Chicago,66.24653781,1.254199677,37.46234419,13.36898158,Evening,Friday,43.85148171,61.64849602,152.2622187,8.954126067,3.0,Level 1,Casual Driver
User_1148,BMW i3,85.0,Station_220,San Francisco,77.69304557,3.624371787,,21.98859047,Night,Thursday,11.30120593,80.99869116,15.21513657,-8.374006203,0.0,Level 2,Commuter
User_1149,Nissan Leaf,100.0,Station_158,Houston,77.12500791,1.233524687,39.42909617,29.78525366,Morning,Friday,62.32264056,81.40719887,272.7951713,-3.663579909,1.0,Level 1,Casual Driver
User_1151,Tesla Model 3,75.0,Station_167,New York,50.53053057,1.028885647,34.63627057,5.114862623,Evening,Sunday,25.34809143,63.66223405,62.52915279,-9.162198722,0.0,DC Fast Charger,Commuter
User_1152,Nissan Leaf,65.97404605,Station_468,Chicago,64.93050646,3.732577707,45.60140062,38.45485061,Night,Thursday,58.16252769,72.85889431,115.7324309,26.67724486,2.0,Level 2,Long-Distance Traveler
User_1154,Tesla Model 3,62.0,Station_409,Chicago,55.62849667,1.376170973,8.179964336,25.71781875,Afternoon,Tuesday,50.62758826,53.24869712,294.2932328,14.56457113,6.0,Level 1,Casual Driver
User_1157,Tesla Model 3,84.63170319,Station_194,New York,62.26265635,1.704601591,23.57785072,17.18551041,Morning,Monday,34.70206211,51.28401319,299.6629508,9.250148405,2.0,Level 2,Casual Driver
User_1159,Nissan Leaf,100.0,Station_206,Los Angeles,55.46883682,3.540379012,26.48426698,14.8289124,Morning,Friday,38.4751768,82.29836275,76.92654461,1.358505521,0.0,Level 1,Long-Distance Traveler
User_1161,Tesla Model 3,28.59217552,Station_159,New York,68.45025675,2.186149182,14.97180144,14.50284744,Afternoon,Thursday,26.45969456,98.79022101,61.80897321,18.59929374,4.387500969,Level 1,Commuter
User_1162,Tesla Model 3,62.0,Station_279,Los Angeles,79.94974411,1.659160703,10.88732354,17.62313935,Morning,Tuesday,52.13517503,93.01715306,176.2213285,34.42869924,6.0,DC Fast Charger,Long-Distance Traveler
User_1163,Chevy Bolt,85.0,Station_304,Los Angeles,60.46898673,3.717389863,28.75335434,19.64928413,Afternoon,Thursday,33.67923962,78.90854827,147.7359251,-2.660103203,1.0,Level 1,Commuter
User_1167,Hyundai Kona,100.0,Station_311,San Francisco,53.3628947,3.799819208,38.62554559,13.61191947,Night,Friday,33.26665161,92.03645412,42.13941422,29.88019647,4.0,Level 2,Commuter
User_1169,Nissan Leaf,62.0,Station_463,New York,68.20904346,2.844191158,21.89872438,38.64636513,Night,Wednesday,87.901076,63.862152,71.16942977,34.37535951,5.0,Level 2,Long-Distance Traveler
User_1171,Chevy Bolt,50.0,Station_217,Los Angeles,76.68731223,0.729882925,45.75831386,35.26539493,Night,Sunday,33.29424518,52.03926253,190.9379315,38.73862524,1.0,Level 1,Commuter
User_1174,Nissan Leaf,100.0,Station_185,Chicago,74.70693088,3.68149298,33.46362566,38.76617352,Morning,Tuesday,56.90819743,90.23796993,166.6831443,7.884105498,1.0,Level 1,Commuter
User_1186,Chevy Bolt,85.0,Station_146,San Francisco,76.18778788,2.850238345,14.98405143,22.64610297,Morning,Sunday,10.28531461,76.73373541,69.18658683,15.24734965,0.0,Level 1,Casual Driver
User_1187,Tesla Model 3,75.0,Station_450,Houston,72.94073166,3.60922982,13.82503559,35.85886985,Night,Friday,44.08631935,61.93725052,19.30831574,38.66696331,6.0,DC Fast Charger,Casual Driver
User_1192,Tesla Model 3,75.0,Station_122,Los Angeles,72.27855412,1.095354362,7.443107755,11.98951456,Night,Monday,87.22062649,65.56631387,155.3050801,4.698829486,7.0,Level 1,Casual Driver
User_1194,Nissan Leaf,75.0,Station_196,San Francisco,59.12662934,2.421411222,6.938614079,37.98580057,Evening,Thursday,47.37859058,51.07061978,238.736361,19.74523435,0.0,Level 1,Commuter
User_1198,Hyundai Kona,75.0,Station_479,Los Angeles,61.90801717,3.099767922,37.77442265,31.22274619,Night,Friday,18.21613531,88.05542209,291.1809048,18.77488487,3.0,Level 1,Casual Driver
User_1201,Nissan Leaf,75.0,Station_487,New York,65.10291874,1.020825259,47.43975215,31.70105644,Afternoon,Saturday,17.25397205,99.67179757,41.2560971,10.92631183,4.0,Level 1,Commuter
User_1203,Chevy Bolt,86.71809382,Station_162,Houston,61.63104966,2.942916166,20.39119229,32.96419115,Night,Wednesday,23.35781808,96.40888301,83.91991846,-6.983337242,3.0,Level 1,Long-Distance Traveler
User_1204,Tesla Model 3,75.0,Station_198,San Francisco,71.80591939,3.736266175,39.46787878,21.0067838,Morning,Monday,49.89930237,60.39169484,55.97477442,-0.831142271,2.0,DC Fast Charger,Casual Driver
User_1207,BMW i3,100.0,Station_45,Los Angeles,55.69189165,2.870813714,3.85623031,5.433701239,Afternoon,Sunday,25.9129433,91.24425598,,11.35363499,0.0,Level 2,Casual Driver
User_1212,Chevy Bolt,62.0,Station_44,San Francisco,97.66776539,2.819041425,34.00613293,14.87347067,Afternoon,Saturday,31.71691071,63.99576803,249.0723706,-7.754748569,5.0,DC Fast Charger,Long-Distance Traveler
User_1216,Chevy Bolt,100.0,Station_178,Los Angeles,52.28437229,1.7728069,23.87673157,23.70329354,Night,Sunday,21.85862018,79.26462883,41.29155665,6.385560977,6.0,DC Fast Charger,Long-Distance Traveler
User_1217,Chevy Bolt,75.0,Station_357,Houston,77.63234569,3.306874018,11.17901456,10.90638327,Evening,Friday,54.6438593,58.01818478,101.4029122,2.21108395,2.0,DC Fast Charger,Commuter
User_1228,Tesla Model 3,64.92538262,Station_93,Los Angeles,77.26621995,3.498121979,28.92648502,37.50769261,Morning,Saturday,34.59232797,92.2054105,27.66490215,11.9953729,3.0,Level 2,Commuter
User_1234,Nissan Leaf,85.0,Station_322,San Francisco,60.62456071,1.962273164,22.68042227,32.74187155,Night,Friday,71.57678818,66.87086121,286.4220889,29.72374374,4.0,Level 2,Long-Distance Traveler
User_1238,Tesla Model 3,100.0,Station_88,San Francisco,77.69879025,1.224897157,26.42378194,17.05899334,Evening,Friday,52.49864488,66.17919066,196.2895364,36.64249004,5.0,Level 2,Long-Distance Traveler
User_1239,Tesla Model 3,85.0,Station_17,San Francisco,94.36532941,2.243421807,31.654116,38.09452549,Night,Saturday,43.87900894,62.25932146,205.8403616,19.11913064,7.0,Level 2,Long-Distance Traveler
User_1241,Tesla Model 3,85.0,Station_134,Chicago,76.4807442,1.912724342,42.36624663,15.66189493,Morning,Thursday,27.9459135,85.8155237,92.32721902,5.652113104,3.0,DC Fast Charger,Long-Distance Traveler
User_1242,Hyundai Kona,78.51107776,Station_211,San Francisco,66.17819525,3.264935423,5.92317678,37.27761608,Night,Saturday,40.62173244,54.00886612,108.1405504,2.241616906,3.0,DC Fast Charger,Commuter
User_1243,Chevy Bolt,50.0,Station_325,New York,76.24242379,3.728899691,6.798600809,21.08916023,Evening,Friday,76.95907692,61.47392291,94.42969649,2.554657853,4.0,DC Fast Charger,Long-Distance Traveler
User_1245,Tesla Model 3,85.0,Station_458,Chicago,53.1197997,1.807327363,41.69006799,33.38895965,Afternoon,Friday,79.45408422,60.93787155,139.2442142,18.71175804,6.0,DC Fast Charger,Casual Driver
User_1247,Chevy Bolt,75.0,Station_219,Los Angeles,60.68153839,2.215148821,15.63149219,31.65142651,Afternoon,Wednesday,52.46095601,69.5846565,61.51530808,15.95499673,2.0,Level 2,Commuter
User_1249,Hyundai Kona,100.0,Station_211,New York,54.54859169,1.603234465,19.10287022,17.02676986,Afternoon,Saturday,65.65132863,86.25668559,44.41463472,26.22953591,3.0,DC Fast Charger,Commuter
User_1253,Nissan Leaf,75.0,Station_4,Chicago,65.92220416,3.318274234,37.5249622,8.197264329,Evening,Wednesday,34.71180818,99.83038886,31.81542082,-0.647557658,3.0,Level 2,Commuter
User_1259,Chevy Bolt,100.0,Station_357,Los Angeles,51.94497776,2.461593714,9.166036637,29.47187657,Morning,Monday,61.46401328,96.38960476,220.7754359,14.48339948,3.0,Level 1,Commuter
User_1266,BMW i3,100.0,Station_108,Chicago,60.83110355,3.57418937,48.32123617,9.975404653,Morning,Wednesday,26.45024652,83.89886667,29.6749011,3.171791759,6.561021127,Level 2,Casual Driver
User_1270,Hyundai Kona,62.0,Station_324,Los Angeles,66.46105413,3.894159899,47.72349822,21.56690777,Morning,Monday,61.04916218,70.39015065,250.8643666,18.39004002,0.020155741,Level 1,Casual Driver
User_1274,BMW i3,85.0,Station_155,Los Angeles,67.61464385,3.926797666,23.4022412,24.01570743,Morning,Tuesday,65.52770175,55.0940414,227.0629386,6.143677509,0.0,Level 2,Long-Distance Traveler
User_1280,Nissan Leaf,100.0,Station_355,San Francisco,67.07828216,3.883982813,23.09814335,11.98065566,Morning,Monday,23.03221546,95.02831177,195.7197041,5.010027882,3.0,Level 2,Long-Distance Traveler
User_1286,Tesla Model 3,100.0,Station_180,Houston,85.03985431,3.708384638,26.7265968,21.84379488,Evening,Sunday,32.36280196,55.98865792,279.866718,22.66992027,7.0,Level 1,Casual Driver
User_1288,Nissan Leaf,62.0,Station_308,Houston,57.45442117,1.121155295,35.73022937,26.41458833,Morning,Sunday,32.34187153,89.61714559,57.28951047,33.49059845,1.0,Level 2,Casual Driver
User_1291,Nissan Leaf,100.0,Station_474,Chicago,52.73977321,2.181389809,9.721254708,33.81722061,Afternoon,Wednesday,77.81061587,89.79452166,56.86080071,37.11824233,4.0,Level 2,Casual Driver
User_1292,BMW i3,50.0,Station_22,Chicago,61.93297987,2.768766276,37.39309241,24.52140401,Evening,Monday,39.91480209,53.24601441,17.95443956,0.710857608,0.845189621,Level 2,Long-Distance Traveler
User_1296,Nissan Leaf,100.0,Station_323,Los Angeles,71.94505923,3.942567772,7.477687526,24.89800447,Evening,Monday,21.34862089,74.29000326,185.7634255,24.85134437,5.0,DC Fast Charger,Casual Driver
User_1305,Chevy Bolt,46.1728725,Station_39,San Francisco,60.25144069,2.736072147,42.3379255,21.10445258,Evening,Wednesday,38.87852232,51.84562277,173.2929936,31.5476432,6.0,Level 2,Long-Distance Traveler
User_1307,BMW i3,75.0,Station_297,San Francisco,54.82511333,0.557213328,45.86383201,22.93004795,Morning,Saturday,71.30783711,96.79781226,69.72862342,23.60136978,5.0,Level 1,Long-Distance Traveler
User_1308,Tesla Model 3,85.0,Station_313,Chicago,65.23254316,1.566585949,17.1299918,5.709498044,Afternoon,Monday,48.17084639,61.35366583,35.63520161,33.93763723,4.0,DC Fast Charger,Commuter
User_1311,Tesla Model 3,62.0,Station_268,New York,66.97990803,0.775663266,13.78715137,38.83301031,Afternoon,Saturday,64.12607257,94.3649335,,36.43208817,1.0,Level 2,Casual Driver
User_1312,Hyundai Kona,50.0,Station_13,Houston,74.27670058,2.849151428,25.07354432,38.19400614,Night,Tuesday,41.34406167,50.41234126,194.7935439,7.731967314,3.0,Level 2,Commuter
User_1314,Tesla Model 3,129.3506162,Station_458,Chicago,60.72514389,2.365990923,10.4919209,11.28973331,Night,Saturday,41.85682469,94.09788343,279.5522775,-1.369994067,3.0,Level 2,Long-Distance Traveler
User_1317,BMW i3,100.0,Station_40,New York,68.18585287,3.238212428,18.38801151,5.06780582,Evening,Tuesday,31.45637484,93.09646136,164.3760223,34.02977464,4.0,Level 2,Casual Driver
User_1320,Nissan Leaf,120.4471952,Station_128,Los Angeles,63.65257024,3.740970369,33.7042261,10.86367428,Evening,Monday,59.33807594,56.69243948,14.44923553,-6.966592981,5.0,DC Fast Charger,Commuter
